{
  "config": {
    "run_name": "exp1_2_L8_K128",
    "out_dir": "./results",
    "seed": 42,
    "bs_train": 50,
    "bs_test": 12,
    "batches": 1000,
    "epochs": 50,
    "early_stopping": 3,
    "checkpoints": null,
    "lr": 0.001,
    "reg": 0.001,
    "filters_per_layer": [
      128
    ],
    "layers_per_block": 8,
    "pool_every": 2,
    "hidden_dims": [
      100
    ],
    "ycn": false,
    "kw": {}
  },
  "results": {
    "num_epochs": 0,
    "train_loss": [
      2.303180694580078,
      2.3028926849365234,
      2.3028414249420166,
      2.3027901649475098,
      2.302771806716919
    ],
    "train_acc": [
      9.664,
      9.734,
      9.652,
      9.614,
      9.518
    ],
    "test_loss": [
      2.3027377128601074,
      2.302673816680908,
      2.302645683288574,
      2.3026251792907715,
      2.30264949798584
    ],
    "test_acc": [
      10.0,
      10.0,
      10.0,
      10.0,
      10.0
    ]
  }
}