{
  "config": {
    "run_name": "exp1_1_K32_L4",
    "out_dir": "./results",
    "seed": 42,
    "bs_train": 50,
    "bs_test": 12,
    "batches": 1000,
    "epochs": 50,
    "early_stopping": 2,
    "checkpoints": null,
    "lr": 0.001,
    "reg": 0.001,
    "filters_per_layer": [
      32
    ],
    "layers_per_block": 4,
    "pool_every": 1,
    "hidden_dims": [
      100
    ],
    "ycn": false,
    "kw": {}
  },
  "results": {
    "num_epochs": 0,
    "train_loss": [
      1.7994955778121948,
      1.4712964296340942,
      1.2943501472473145,
      1.1717240810394287,
      1.0907604694366455,
      1.0298184156417847,
      0.976855456829071,
      0.9336844682693481,
      0.8972790241241455,
      0.8669646382331848,
      0.8415582180023193,
      0.8168143033981323,
      0.7942298054695129,
      0.7737870216369629,
      0.7564637064933777,
      0.7392975687980652,
      0.7237025499343872,
      0.7117107510566711,
      0.6990290284156799,
      0.6839518547058105,
      0.6726804375648499
    ],
    "train_acc": [
      32.424,
      45.436,
      52.652,
      57.746,
      60.844,
      63.142,
      65.032,
      66.684,
      68.052,
      69.21,
      70.186,
      70.968,
      71.834,
      72.528,
      73.242,
      73.788,
      74.358,
      74.682,
      75.162,
      75.88,
      76.32
    ],
    "test_loss": [
      1.5464791059494019,
      1.3571583032608032,
      1.1877049207687378,
      1.1061999797821045,
      1.0492252111434937,
      1.0086891651153564,
      0.9807710647583008,
      0.9594533443450928,
      0.9389111995697021,
      0.913321316242218,
      0.904793381690979,
      0.8764336109161377,
      0.8633910417556763,
      0.8473864197731018,
      0.8376922607421875,
      0.8262457251548767,
      0.8249844312667847,
      0.818120002746582,
      0.8055858016014099,
      0.8087179660797119,
      0.8259064555168152
    ],
    "test_acc": [
      42.31,
      50.64,
      57.02,
      60.62,
      62.7,
      63.92,
      65.11,
      66.06,
      66.95,
      68.2,
      68.3,
      69.4,
      69.8,
      70.7,
      70.83,
      71.37,
      71.74,
      71.71,
      72.24,
      72.17,
      71.6
    ]
  }
}