{
  "config": {
    "run_name": "exp1_1_K64_L4",
    "out_dir": "./results",
    "seed": 42,
    "bs_train": 50,
    "bs_test": 12,
    "batches": 1000,
    "epochs": 50,
    "early_stopping": 2,
    "checkpoints": null,
    "lr": 0.001,
    "reg": 0.001,
    "filters_per_layer": [
      64
    ],
    "layers_per_block": 4,
    "pool_every": 2,
    "hidden_dims": [
      100
    ],
    "ycn": false,
    "kw": {}
  },
  "results": {
    "num_epochs": 0,
    "train_loss": [
      1.5602682828903198,
      1.1147372722625732,
      0.9479129314422607,
      0.8394791483879089,
      0.7562438249588013,
      0.6909494996070862,
      0.6416934132575989,
      0.6005937457084656
    ],
    "train_acc": [
      42.894,
      60.232,
      66.8,
      70.522,
      73.62,
      75.858,
      77.584,
      79.042
    ],
    "test_loss": [
      1.210349202156067,
      0.9993593692779541,
      0.9247995018959045,
      0.8636981248855591,
      0.8285366892814636,
      0.8131937980651855,
      0.8313425183296204,
      0.8528498411178589
    ],
    "test_acc": [
      56.71,
      64.5,
      67.18,
      69.62,
      71.14,
      72.01,
      71.48,
      71.1
    ]
  }
}