{
  "config": {
    "run_name": "exp1_1_K32_L8",
    "out_dir": "./results",
    "seed": 42,
    "bs_train": 100,
    "bs_test": 25,
    "batches": 1000,
    "epochs": 50,
    "early_stopping": 2,
    "checkpoints": null,
    "lr": 0.001,
    "reg": 0.001,
    "filters_per_layer": [
      32
    ],
    "layers_per_block": 8,
    "pool_every": 8,
    "hidden_dims": [
      100
    ],
    "ycn": false,
    "kw": {}
  },
  "results": {
    "num_epochs": 0,
    "train_loss": [
      2.303179979324341,
      2.30275559425354,
      2.3027560710906982
    ],
    "train_acc": [
      9.92,
      9.814,
      9.714
    ],
    "test_loss": [
      2.3026530742645264,
      2.302624225616455,
      2.3026182651519775
    ],
    "test_acc": [
      10.0,
      10.0,
      10.0
    ]
  }
}