{
  "config": {
    "run_name": "exp1_3_L2_K-64-128-256",
    "out_dir": "./results",
    "seed": 42,
    "bs_train": 100,
    "bs_test": 25,
    "batches": 500,
    "epochs": 50,
    "early_stopping": 2,
    "checkpoints": null,
    "lr": 0.001,
    "reg": 0.001,
    "filters_per_layer": [
      64,
      128,
      256
    ],
    "layers_per_block": 2,
    "pool_every": 2,
    "hidden_dims": [
      100
    ],
    "ycn": false,
    "kw": {}
  },
  "results": {
    "num_epochs": 0,
    "train_loss": [
      1.8034342527389526,
      1.3541874885559082,
      1.1191973686218262,
      0.9620034098625183,
      0.8461304903030396,
      0.7618274092674255,
      0.6974836587905884,
      0.6343733072280884,
      0.5918056964874268,
      0.548407256603241,
      0.5101942420005798,
      0.4797511398792267,
      0.43562251329421997,
      0.42640095949172974,
      0.3899095356464386,
      0.3802240490913391
    ],
    "train_acc": [
      32.808,
      50.726,
      60.036,
      65.746,
      70.06,
      72.89,
      75.386,
      77.702,
      79.308,
      80.978,
      82.318,
      83.418,
      84.8,
      85.096,
      86.478,
      86.662
    ],
    "test_loss": [
      1.4550111293792725,
      1.2342779636383057,
      1.0573397874832153,
      0.9650349020957947,
      0.8735443949699402,
      0.8881611227989197,
      0.7545384168624878,
      0.7503874897956848,
      0.7285669445991516,
      0.7456691861152649,
      0.7325880527496338,
      0.713568925857544,
      0.714289128780365,
      0.7174879908561707,
      0.7284544706344604,
      0.7513489127159119
    ],
    "test_acc": [
      46.15,
      55.57,
      62.51,
      66.19,
      69.49,
      69.68,
      74.36,
      74.53,
      75.17,
      74.93,
      75.47,
      76.38,
      76.49,
      77.02,
      76.69,
      75.64
    ]
  }
}