{
  "config": {
    "run_name": "exp1_1_K32_L2",
    "out_dir": "./results",
    "seed": 42,
    "bs_train": 50,
    "bs_test": 12,
    "batches": 1000,
    "epochs": 50,
    "early_stopping": 2,
    "checkpoints": null,
    "lr": 0.001,
    "reg": 0.001,
    "filters_per_layer": [
      32
    ],
    "layers_per_block": 2,
    "pool_every": 2,
    "hidden_dims": [
      100
    ],
    "ycn": false,
    "kw": {}
  },
  "results": {
    "num_epochs": 0,
    "train_loss": [
      1.4669950008392334,
      1.1613988876342773,
      1.0264077186584473,
      0.9311396479606628,
      0.8610544800758362,
      0.8042973279953003,
      0.754226565361023,
      0.7044095396995544,
      0.6622750163078308
    ],
    "train_acc": [
      47.124,
      58.742,
      63.838,
      67.192,
      69.742,
      71.778,
      73.656,
      75.668,
      77.04
    ],
    "test_loss": [
      1.22299063205719,
      1.089724063873291,
      1.0348622798919678,
      1.005000114440918,
      1.0000994205474854,
      1.0077975988388062,
      1.0290627479553223,
      1.0585399866104126,
      1.0787547826766968
    ],
    "test_acc": [
      56.04,
      61.35,
      63.09,
      64.36,
      64.71,
      65.31,
      65.4,
      65.09,
      65.4
    ]
  }
}