{
  "config": {
    "run_name": "exp1_3_L3_K-64-128-256",
    "out_dir": "./results",
    "seed": 42,
    "bs_train": 50,
    "bs_test": 12,
    "batches": 1000,
    "epochs": 50,
    "early_stopping": 3,
    "checkpoints": null,
    "lr": 0.001,
    "reg": 0.001,
    "filters_per_layer": [
      64,
      128,
      256
    ],
    "layers_per_block": 3,
    "pool_every": 3,
    "hidden_dims": [
      100
    ],
    "ycn": false,
    "kw": {}
  },
  "results": {
    "num_epochs": 0,
    "train_loss": [
      2.302990674972534,
      2.3028337955474854,
      2.3028078079223633,
      2.3027877807617188,
      2.3027877807617188
    ],
    "train_acc": [
      9.732,
      9.696,
      9.82,
      9.648,
      9.624
    ],
    "test_loss": [
      2.3026702404022217,
      2.302671432495117,
      2.3026392459869385,
      2.302624464035034,
      2.3026254177093506
    ],
    "test_acc": [
      10.0,
      10.0,
      10.0,
      10.0,
      10.0
    ]
  }
}