{
  "config": {
    "run_name": "exp1_1_K32_L16",
    "out_dir": "./results",
    "seed": 42,
    "bs_train": 50,
    "bs_test": 12,
    "batches": 1000,
    "epochs": 50,
    "early_stopping": 2,
    "checkpoints": null,
    "lr": 0.001,
    "reg": 0.001,
    "filters_per_layer": [
      32
    ],
    "layers_per_block": 16,
    "pool_every": 16,
    "hidden_dims": [
      100
    ],
    "ycn": false,
    "kw": {}
  },
  "results": {
    "num_epochs": 0,
    "train_loss": [
      2.303262233734131,
      2.3028030395507812,
      2.30277943611145
    ],
    "train_acc": [
      10.04,
      9.744,
      9.658
    ],
    "test_loss": [
      2.302637815475464,
      2.302629232406616,
      2.3026280403137207
    ],
    "test_acc": [
      10.0,
      10.0,
      10.0
    ]
  }
}