{
  "config": {
    "run_name": "exp1_2_L8_K64",
    "out_dir": "./results",
    "seed": 42,
    "bs_train": 50,
    "bs_test": 12,
    "batches": 1000,
    "epochs": 50,
    "early_stopping": 3,
    "checkpoints": null,
    "lr": 0.001,
    "reg": 0.001,
    "filters_per_layer": [
      64
    ],
    "layers_per_block": 8,
    "pool_every": 2,
    "hidden_dims": [
      100
    ],
    "ycn": false,
    "kw": {}
  },
  "results": {
    "num_epochs": 0,
    "train_loss": [
      2.3031270503997803,
      2.3028676509857178,
      2.302804708480835,
      2.3027825355529785,
      2.3027713298797607
    ],
    "train_acc": [
      9.9,
      9.798,
      9.68,
      9.534,
      9.524
    ],
    "test_loss": [
      2.302706003189087,
      2.3026585578918457,
      2.302654981613159,
      2.3026251792907715,
      2.3026232719421387
    ],
    "test_acc": [
      10.0,
      10.0,
      10.0,
      10.0,
      10.0
    ]
  }
}