{
  "config": {
    "run_name": "exp1_2_L2_K32",
    "out_dir": "./results",
    "seed": 42,
    "bs_train": 50,
    "bs_test": 12,
    "batches": 1000,
    "epochs": 50,
    "early_stopping": 2,
    "checkpoints": null,
    "lr": 0.001,
    "reg": 0.001,
    "filters_per_layer": [
      32
    ],
    "layers_per_block": 2,
    "pool_every": 1,
    "hidden_dims": [
      100
    ],
    "ycn": false,
    "kw": {}
  },
  "results": {
    "num_epochs": 0,
    "train_loss": [
      1.5331909656524658,
      1.2243999242782593,
      1.0966880321502686,
      1.0138474702835083,
      0.9516873955726624,
      0.9021242260932922,
      0.86033695936203,
      0.8235154747962952,
      0.7925147414207458,
      0.7652848362922668,
      0.7405605316162109,
      0.7179506421089172,
      0.6962876319885254
    ],
    "train_acc": [
      44.418,
      56.684,
      61.51,
      64.53,
      66.852,
      68.648,
      70.15,
      71.426,
      72.488,
      73.582,
      74.472,
      75.3,
      76.044
    ],
    "test_loss": [
      1.2736552953720093,
      1.1214507818222046,
      1.0428403615951538,
      0.9992877244949341,
      0.9667015671730042,
      0.9455524682998657,
      0.9307525753974915,
      0.9323542714118958,
      0.9214257001876831,
      0.9151604771614075,
      0.9114254713058472,
      0.9187110662460327,
      0.9271801114082336
    ],
    "test_acc": [
      54.76,
      60.6,
      63.75,
      65.23,
      66.35,
      67.26,
      68.06,
      68.08,
      68.35,
      68.67,
      69.03,
      68.96,
      69.01
    ]
  }
}