{
  "config": {
    "run_name": "exp1_1_L2_K128",
    "out_dir": "./results",
    "seed": 42,
    "bs_train": 50,
    "bs_test": 12,
    "batches": 1000,
    "epochs": 50,
    "early_stopping": 3,
    "checkpoints": null,
    "lr": 0.001,
    "reg": 0.001,
    "filters_per_layer": [
      128
    ],
    "layers_per_block": 2,
    "pool_every": 2,
    "hidden_dims": [
      100
    ],
    "ycn": false,
    "kw": {}
  },
  "results": {
    "num_epochs": 0,
    "train_loss": [
      1.5438289642333984,
      1.2560625076293945,
      1.1466792821884155,
      1.067093849182129,
      1.0044264793395996,
      0.9539400339126587,
      0.9091939926147461,
      0.8703579902648926,
      0.8343228697776794,
      0.8053780198097229,
      0.7755951285362244,
      0.7516473531723022,
      0.7333632111549377,
      0.7080411314964294
    ],
    "train_acc": [
      44.004,
      55.276,
      59.288,
      62.366,
      64.5,
      66.376,
      67.912,
      69.346,
      70.696,
      71.714,
      72.91,
      73.722,
      74.418,
      75.408
    ],
    "test_loss": [
      1.3520967960357666,
      1.2204381227493286,
      1.147666573524475,
      1.1084785461425781,
      1.0876710414886475,
      1.0833795070648193,
      1.0976766347885132,
      1.1104286909103394,
      1.1215457916259766,
      1.116420030593872,
      1.1453670263290405,
      1.1672087907791138,
      1.1851775646209717,
      1.2015820741653442
    ],
    "test_acc": [
      51.37,
      56.63,
      59.37,
      60.95,
      61.57,
      62.09,
      61.88,
      61.92,
      61.78,
      62.52,
      61.96,
      61.76,
      61.92,
      61.77
    ]
  }
}