{
  "config": {
    "run_name": "exp1_1_K64_L8",
    "out_dir": "./results",
    "seed": 42,
    "bs_train": 50,
    "bs_test": 12,
    "batches": 1000,
    "epochs": 50,
    "early_stopping": 2,
    "checkpoints": null,
    "lr": 0.001,
    "reg": 0.001,
    "filters_per_layer": [
      64
    ],
    "layers_per_block": 8,
    "pool_every": 8,
    "hidden_dims": [
      100
    ],
    "ycn": false,
    "kw": {}
  },
  "results": {
    "num_epochs": 0,
    "train_loss": [
      2.303220748901367,
      2.3028149604797363,
      2.302781343460083
    ],
    "train_acc": [
      9.904,
      9.76,
      9.674
    ],
    "test_loss": [
      2.3026509284973145,
      2.302630662918091,
      2.3026256561279297
    ],
    "test_acc": [
      10.0,
      10.0,
      10.0
    ]
  }
}