{
  "config": {
    "run_name": "exp1_2_L4_K32",
    "out_dir": "./results",
    "seed": 42,
    "bs_train": 50,
    "bs_test": 12,
    "batches": 1000,
    "epochs": 50,
    "early_stopping": 2,
    "checkpoints": null,
    "lr": 0.001,
    "reg": 0.001,
    "filters_per_layer": [
      32
    ],
    "layers_per_block": 4,
    "pool_every": 1,
    "hidden_dims": [
      100
    ],
    "ycn": false,
    "kw": {}
  },
  "results": {
    "num_epochs": 0,
    "train_loss": [
      1.7989230155944824,
      1.4804542064666748,
      1.3180058002471924,
      1.188125729560852,
      1.097063422203064,
      1.0327427387237549,
      0.9835675358772278,
      0.9410181641578674,
      0.9052266478538513,
      0.8733499646186829,
      0.8459593653678894,
      0.8210905194282532,
      0.799065113067627,
      0.780153751373291,
      0.7609431147575378,
      0.7453213930130005,
      0.7304879426956177
    ],
    "train_acc": [
      32.41,
      45.266,
      51.762,
      56.936,
      60.564,
      62.95,
      64.906,
      66.588,
      67.938,
      69.016,
      70.152,
      71.032,
      71.95,
      72.624,
      73.248,
      73.916,
      74.41
    ],
    "test_loss": [
      1.5452452898025513,
      1.3651481866836548,
      1.2179183959960938,
      1.1152280569076538,
      1.0511597394943237,
      1.0105289220809937,
      0.9856010675430298,
      0.9446496367454529,
      0.9169303774833679,
      0.8845815658569336,
      0.8736212849617004,
      0.8671799302101135,
      0.8581631183624268,
      0.8480538725852966,
      0.8332893252372742,
      0.8461247682571411,
      0.8390498161315918
    ],
    "test_acc": [
      42.38,
      50.04,
      55.28,
      60.04,
      62.53,
      63.55,
      64.59,
      66.24,
      67.46,
      68.77,
      69.0,
      69.39,
      69.6,
      70.05,
      70.74,
      69.82,
      70.37
    ]
  }
}