{
  "config": {
    "run_name": "exp1_2_L8_K258",
    "out_dir": "./results",
    "seed": 42,
    "bs_train": 50,
    "bs_test": 12,
    "batches": 1000,
    "epochs": 50,
    "early_stopping": 2,
    "checkpoints": null,
    "lr": 0.001,
    "reg": 0.001,
    "filters_per_layer": [
      258
    ],
    "layers_per_block": 8,
    "pool_every": 8,
    "hidden_dims": [
      100
    ],
    "ycn": false,
    "kw": {}
  },
  "results": {
    "num_epochs": 0,
    "train_loss": [
      2.303252935409546,
      2.3028223514556885,
      2.302867889404297
    ],
    "train_acc": [
      9.86,
      9.662,
      9.432
    ],
    "test_loss": [
      2.30265212059021,
      2.3026394844055176,
      2.302628517150879
    ],
    "test_acc": [
      10.0,
      10.0,
      10.0
    ]
  }
}