{
  "config": {
    "run_name": "exp1_1_K64_L2",
    "out_dir": "./results",
    "seed": 42,
    "bs_train": 50,
    "bs_test": 12,
    "batches": 1000,
    "epochs": 50,
    "early_stopping": 2,
    "checkpoints": null,
    "lr": 0.001,
    "reg": 0.001,
    "filters_per_layer": [
      64
    ],
    "layers_per_block": 2,
    "pool_every": 2,
    "hidden_dims": [
      100
    ],
    "ycn": false,
    "kw": {}
  },
  "results": {
    "num_epochs": 0,
    "train_loss": [
      1.3908716440200806,
      1.0893999338150024,
      0.9641834497451782,
      0.8810817003250122,
      0.8144026398658752,
      0.7557926774024963,
      0.7051240801811218
    ],
    "train_acc": [
      50.216,
      61.582,
      66.23,
      69.172,
      71.522,
      73.748,
      75.428
    ],
    "test_loss": [
      1.1566119194030762,
      1.0388926267623901,
      1.004478931427002,
      0.9719169735908508,
      0.9716652035713196,
      0.9925138354301453,
      1.0171380043029785
    ],
    "test_acc": [
      59.28,
      63.84,
      64.46,
      66.16,
      66.24,
      66.03,
      65.81
    ]
  }
}