{
  "config": {
    "run_name": "exp1_3_L4_K-64-128-256",
    "out_dir": "./results",
    "seed": 42,
    "bs_train": 100,
    "bs_test": 25,
    "batches": 500,
    "epochs": 50,
    "early_stopping": 2,
    "checkpoints": null,
    "lr": 0.001,
    "reg": 0.001,
    "filters_per_layer": [
      64,
      128,
      256
    ],
    "layers_per_block": 4,
    "pool_every": 3,
    "hidden_dims": [
      100
    ],
    "ycn": false,
    "kw": {}
  },
  "results": {
    "num_epochs": 0,
    "train_loss": [
      2.3030712604522705,
      2.3028080463409424,
      2.3027751445770264
    ],
    "train_acc": [
      9.958,
      9.954,
      9.866
    ],
    "test_loss": [
      2.302717447280884,
      2.3026609420776367,
      2.302642583847046
    ],
    "test_acc": [
      10.0,
      10.0,
      10.0
    ]
  }
}