{
  "config": {
    "run_name": "exp1_1_K32_L4",
    "out_dir": "./results",
    "seed": 42,
    "bs_train": 50,
    "bs_test": 12,
    "batches": 1000,
    "epochs": 50,
    "early_stopping": 2,
    "checkpoints": null,
    "lr": 0.001,
    "reg": 0.001,
    "filters_per_layer": [
      32
    ],
    "layers_per_block": 4,
    "pool_every": 2,
    "hidden_dims": [
      100
    ],
    "ycn": false,
    "kw": {}
  },
  "results": {
    "num_epochs": 0,
    "train_loss": [
      1.650198221206665,
      1.2567787170410156,
      1.0827103853225708,
      0.9687408208847046,
      0.881333589553833,
      0.8156055212020874,
      0.7573049664497375,
      0.7115570306777954,
      0.6710575222969055,
      0.6353780627250671,
      0.6000148057937622
    ],
    "train_acc": [
      39.058,
      54.71,
      61.502,
      65.68,
      68.72,
      71.36,
      73.306,
      74.846,
      76.358,
      77.508,
      78.592
    ],
    "test_loss": [
      1.3284318447113037,
      1.1331347227096558,
      1.0441051721572876,
      0.9623470902442932,
      0.9143243432044983,
      0.8746356964111328,
      0.8509398698806763,
      0.8387532830238342,
      0.8415215015411377,
      0.8539883494377136,
      0.8943484425544739
    ],
    "test_acc": [
      51.64,
      59.21,
      62.89,
      65.98,
      67.92,
      69.48,
      70.63,
      70.92,
      71.38,
      70.86,
      70.13
    ]
  }
}