{
  "config": {
    "run_name": "exp1_1_L2_K32",
    "out_dir": "./results",
    "seed": 42,
    "bs_train": 50,
    "bs_test": 12,
    "batches": 1000,
    "epochs": 50,
    "early_stopping": 3,
    "checkpoints": null,
    "lr": 0.001,
    "reg": 0.001,
    "filters_per_layer": [
      32
    ],
    "layers_per_block": 2,
    "pool_every": 2,
    "hidden_dims": [
      100
    ],
    "ycn": false,
    "kw": {}
  },
  "results": {
    "num_epochs": 0,
    "train_loss": [
      1.4656327962875366,
      1.1583702564239502,
      1.0202758312225342,
      0.9271661639213562,
      0.8559746146202087,
      0.7990270853042603,
      0.7463779449462891,
      0.6975133419036865,
      0.6537455320358276,
      0.6101378798484802,
      0.5775977373123169,
      0.5461565256118774,
      0.5101417899131775,
      0.47147077322006226,
      0.45097747445106506,
      0.42830389738082886
    ],
    "train_acc": [
      47.178,
      58.938,
      64.05,
      67.264,
      69.978,
      71.994,
      74.002,
      75.67,
      77.146,
      78.812,
      80.1,
      80.836,
      82.246,
      83.54,
      84.078,
      84.766
    ],
    "test_loss": [
      1.2137573957443237,
      1.0821040868759155,
      1.033963918685913,
      0.9962594509124756,
      1.0041134357452393,
      1.0222110748291016,
      1.036251425743103,
      1.0594890117645264,
      1.1046756505966187,
      1.0819847583770752,
      1.1046572923660278,
      1.132653832435608,
      1.2282907962799072,
      1.2472506761550903,
      1.286775827407837,
      1.2605879306793213
    ],
    "test_acc": [
      56.26,
      61.38,
      62.92,
      64.79,
      65.21,
      65.25,
      65.27,
      65.37,
      64.89,
      65.7,
      65.61,
      66.6,
      65.05,
      65.66,
      64.88,
      65.38
    ]
  }
}