{
  "config": {
    "run_name": "exp1_1_K64_L16",
    "out_dir": "./results",
    "seed": 42,
    "bs_train": 50,
    "bs_test": 12,
    "batches": 1000,
    "epochs": 50,
    "early_stopping": 2,
    "checkpoints": null,
    "lr": 0.001,
    "reg": 0.001,
    "filters_per_layer": [
      64
    ],
    "layers_per_block": 16,
    "pool_every": 16,
    "hidden_dims": [
      100
    ],
    "ycn": false,
    "kw": {}
  },
  "results": {
    "num_epochs": 0,
    "train_loss": [
      2.3032984733581543,
      2.302816867828369,
      2.3027920722961426
    ],
    "train_acc": [
      9.978,
      9.862,
      9.594
    ],
    "test_loss": [
      2.3026695251464844,
      2.302649974822998,
      2.302633047103882
    ],
    "test_acc": [
      10.0,
      10.0,
      10.0
    ]
  }
}