{
  "config": {
    "run_name": "exp1_2_L2_K128",
    "out_dir": "./results",
    "seed": 42,
    "bs_train": 50,
    "bs_test": 12,
    "batches": 1000,
    "epochs": 50,
    "early_stopping": 2,
    "checkpoints": null,
    "lr": 0.001,
    "reg": 0.001,
    "filters_per_layer": [
      128
    ],
    "layers_per_block": 2,
    "pool_every": 1,
    "hidden_dims": [
      100
    ],
    "ycn": false,
    "kw": {}
  },
  "results": {
    "num_epochs": 0,
    "train_loss": [
      1.4721059799194336,
      1.1340795755386353,
      1.006771206855774,
      0.9351620078086853,
      0.8809396624565125,
      0.838409960269928,
      0.8002195358276367,
      0.766791820526123,
      0.7413952946662903,
      0.7199100852012634,
      0.6997296810150146,
      0.6795975565910339
    ],
    "train_acc": [
      46.934,
      60.126,
      64.866,
      67.25,
      69.258,
      70.8,
      72.184,
      73.402,
      74.44,
      75.172,
      75.874,
      76.706
    ],
    "test_loss": [
      1.2131004333496094,
      1.0371347665786743,
      0.9764699935913086,
      0.9336355328559875,
      0.921826183795929,
      0.9120751619338989,
      0.901538074016571,
      0.8979836106300354,
      0.8782896399497986,
      0.8807361721992493,
      0.8904569745063782,
      0.893297016620636
    ],
    "test_acc": [
      56.89,
      63.49,
      65.63,
      67.85,
      67.85,
      68.47,
      68.56,
      68.8,
      69.68,
      69.75,
      69.51,
      69.69
    ]
  }
}