{
  "config": {
    "run_name": "exp1_2_L8_K32",
    "out_dir": "./results",
    "seed": 42,
    "bs_train": 50,
    "bs_test": 12,
    "batches": 1000,
    "epochs": 50,
    "early_stopping": 2,
    "checkpoints": null,
    "lr": 0.001,
    "reg": 0.001,
    "filters_per_layer": [
      32
    ],
    "layers_per_block": 8,
    "pool_every": 8,
    "hidden_dims": [
      100
    ],
    "ycn": false,
    "kw": {}
  },
  "results": {
    "num_epochs": 0,
    "train_loss": [
      2.303208827972412,
      2.302800416946411,
      2.3027803897857666
    ],
    "train_acc": [
      9.886,
      9.504,
      9.7
    ],
    "test_loss": [
      2.30265736579895,
      2.302633047103882,
      2.3026316165924072
    ],
    "test_acc": [
      10.0,
      10.0,
      10.0
    ]
  }
}