{
  "config": {
    "run_name": "exp1_1_K32_L8",
    "out_dir": "./results",
    "seed": 42,
    "bs_train": 50,
    "bs_test": 12,
    "batches": 1000,
    "epochs": 50,
    "early_stopping": 2,
    "checkpoints": null,
    "lr": 0.001,
    "reg": 0.001,
    "filters_per_layer": [
      32
    ],
    "layers_per_block": 8,
    "pool_every": 8,
    "hidden_dims": [
      100
    ],
    "ycn": false,
    "kw": {}
  },
  "results": {
    "num_epochs": 0,
    "train_loss": [
      2.3031303882598877,
      2.30279803276062,
      2.302781105041504
    ],
    "train_acc": [
      9.774,
      9.724,
      9.58
    ],
    "test_loss": [
      2.3026392459869385,
      2.3026225566864014,
      2.3026254177093506
    ],
    "test_acc": [
      10.0,
      10.0,
      10.0
    ]
  }
}