{
  "config": {
    "run_name": "exp1_3_L1_K-64-128-256",
    "out_dir": "./results",
    "seed": 42,
    "bs_train": 50,
    "bs_test": 12,
    "batches": 1000,
    "epochs": 50,
    "early_stopping": 2,
    "checkpoints": null,
    "lr": 0.001,
    "reg": 0.001,
    "filters_per_layer": [
      64,
      128,
      256
    ],
    "layers_per_block": 1,
    "pool_every": 1,
    "hidden_dims": [
      100
    ],
    "ycn": false,
    "kw": {}
  },
  "results": {
    "num_epochs": 0,
    "train_loss": [
      1.486316442489624,
      1.0888913869857788,
      0.9187986850738525,
      0.8150268793106079,
      0.7429835200309753,
      0.685516357421875,
      0.6388360857963562,
      0.5931951999664307,
      0.5610990524291992,
      0.5295524001121521,
      0.5023085474967957,
      0.4713052809238434,
      0.45374590158462524
    ],
    "train_acc": [
      45.592,
      61.49,
      67.74,
      71.546,
      73.956,
      76.128,
      77.784,
      79.532,
      80.586,
      81.596,
      82.534,
      83.456,
      84.11
    ],
    "test_loss": [
      1.2109475135803223,
      0.9752357006072998,
      0.8786502480506897,
      0.8373857736587524,
      0.8229680061340332,
      0.8134673833847046,
      0.8202825784683228,
      0.8241375088691711,
      0.8509036302566528,
      0.8365353345870972,
      0.8279253840446472,
      0.844560444355011,
      0.8451970219612122
    ],
    "test_acc": [
      56.73,
      65.78,
      69.56,
      70.95,
      71.52,
      72.05,
      72.12,
      72.48,
      72.02,
      72.76,
      73.28,
      73.1,
      73.04
    ]
  }
}