{
  "config": {
    "run_name": "exp1_2_L2_K64",
    "out_dir": "./results",
    "seed": 42,
    "bs_train": 50,
    "bs_test": 12,
    "batches": 1000,
    "epochs": 50,
    "early_stopping": 2,
    "checkpoints": null,
    "lr": 0.001,
    "reg": 0.001,
    "filters_per_layer": [
      64
    ],
    "layers_per_block": 2,
    "pool_every": 2,
    "hidden_dims": [
      100
    ],
    "ycn": false,
    "kw": {}
  },
  "results": {
    "num_epochs": 0,
    "train_loss": [
      1.386557698249817,
      1.085328221321106,
      0.9577152729034424,
      0.875907838344574,
      0.8099172115325928,
      0.7522867918014526
    ],
    "train_acc": [
      50.548,
      61.782,
      66.462,
      69.466,
      71.724,
      73.75
    ],
    "test_loss": [
      1.1586860418319702,
      1.0248688459396362,
      0.9797025322914124,
      0.9567821025848389,
      0.9832791686058044,
      0.9865891933441162
    ],
    "test_acc": [
      59.07,
      63.59,
      65.44,
      66.34,
      65.6,
      66.09
    ]
  }
}