{
  "config": {
    "run_name": "exp1_3_L4_K-64-128-256",
    "out_dir": "./results",
    "seed": 42,
    "bs_train": 50,
    "bs_test": 12,
    "batches": 1000,
    "epochs": 50,
    "early_stopping": 3,
    "checkpoints": null,
    "lr": 0.001,
    "reg": 0.001,
    "filters_per_layer": [
      64,
      128,
      256
    ],
    "layers_per_block": 4,
    "pool_every": 3,
    "hidden_dims": [
      100
    ],
    "ycn": false,
    "kw": {}
  },
  "results": {
    "num_epochs": 0,
    "train_loss": [
      2.3030800819396973,
      2.302835464477539,
      2.30279541015625,
      2.302813768386841,
      2.3027701377868652
    ],
    "train_acc": [
      9.808,
      9.882,
      9.71,
      9.602,
      9.644
    ],
    "test_loss": [
      2.302712917327881,
      2.302680253982544,
      2.3027145862579346,
      2.302645206451416,
      2.3026227951049805
    ],
    "test_acc": [
      10.0,
      10.0,
      10.0,
      10.0,
      10.0
    ]
  }
}