{
  "config": {
    "run_name": "exp1_1_K64_L16",
    "out_dir": "./results",
    "seed": 42,
    "bs_train": 50,
    "bs_test": 12,
    "batches": 1000,
    "epochs": 50,
    "early_stopping": 2,
    "checkpoints": null,
    "lr": 0.001,
    "reg": 0.001,
    "filters_per_layer": [
      64
    ],
    "layers_per_block": 16,
    "pool_every": 16,
    "hidden_dims": [
      100
    ],
    "ycn": false,
    "kw": {}
  },
  "results": {
    "num_epochs": 0,
    "train_loss": [
      2.3032634258270264,
      2.3028182983398438,
      2.302797317504883
    ],
    "train_acc": [
      9.992,
      9.976,
      9.578
    ],
    "test_loss": [
      2.302668333053589,
      2.302656412124634,
      2.302694082260132
    ],
    "test_acc": [
      10.0,
      10.0,
      10.0
    ]
  }
}