{
  "config": {
    "run_name": "exp1_2_L8_K64",
    "out_dir": "./results",
    "seed": 42,
    "bs_train": 50,
    "bs_test": 12,
    "batches": 1000,
    "epochs": 50,
    "early_stopping": 2,
    "checkpoints": null,
    "lr": 0.001,
    "reg": 0.001,
    "filters_per_layer": [
      64
    ],
    "layers_per_block": 8,
    "pool_every": 8,
    "hidden_dims": [
      100
    ],
    "ycn": false,
    "kw": {}
  },
  "results": {
    "num_epochs": 0,
    "train_loss": [
      2.303229808807373,
      2.3028087615966797,
      2.3027751445770264
    ],
    "train_acc": [
      9.886,
      9.824,
      9.706
    ],
    "test_loss": [
      2.3026487827301025,
      2.302633285522461,
      2.302624464035034
    ],
    "test_acc": [
      10.0,
      10.0,
      10.0
    ]
  }
}