{
  "config": {
    "run_name": "exp1_1_K64_L2",
    "out_dir": "./results",
    "seed": 42,
    "bs_train": 50,
    "bs_test": 12,
    "batches": 1000,
    "epochs": 50,
    "early_stopping": 2,
    "checkpoints": null,
    "lr": 0.001,
    "reg": 0.001,
    "filters_per_layer": [
      64
    ],
    "layers_per_block": 2,
    "pool_every": 1,
    "hidden_dims": [
      100
    ],
    "ycn": false,
    "kw": {}
  },
  "results": {
    "num_epochs": 0,
    "train_loss": [
      1.4631407260894775,
      1.1414135694503784,
      1.0141913890838623,
      0.9375486373901367,
      0.878036379814148,
      0.8295274972915649,
      0.7887862920761108,
      0.7497147917747498,
      0.7209806442260742,
      0.6902496218681335
    ],
    "train_acc": [
      47.192,
      59.708,
      64.672,
      67.212,
      69.332,
      71.132,
      72.5,
      73.82,
      74.848,
      76.032
    ],
    "test_loss": [
      1.2076137065887451,
      1.0472187995910645,
      0.9747676849365234,
      0.9357123374938965,
      0.900969922542572,
      0.8990287780761719,
      0.8907732963562012,
      0.8773350715637207,
      0.8988919854164124,
      0.8939604163169861
    ],
    "test_acc": [
      57.25,
      63.01,
      65.45,
      67.22,
      68.71,
      68.73,
      69.36,
      70.0,
      69.45,
      69.5
    ]
  }
}