{
  "config": {
    "run_name": "exp1_2_L2_K128",
    "out_dir": "./results",
    "seed": 42,
    "bs_train": 50,
    "bs_test": 12,
    "batches": 1000,
    "epochs": 50,
    "early_stopping": 2,
    "checkpoints": null,
    "lr": 0.001,
    "reg": 0.001,
    "filters_per_layer": [
      128
    ],
    "layers_per_block": 2,
    "pool_every": 2,
    "hidden_dims": [
      100
    ],
    "ycn": false,
    "kw": {}
  },
  "results": {
    "num_epochs": 0,
    "train_loss": [
      1.4935559034347534,
      1.1913727521896362,
      1.0836681127548218,
      1.008176565170288,
      0.9474361538887024,
      0.8944991827011108,
      0.8505231142044067,
      0.8102777600288391,
      0.7753323316574097,
      0.7500773072242737,
      0.7189281582832336,
      0.6928904056549072
    ],
    "train_acc": [
      46.056,
      57.888,
      61.554,
      64.346,
      66.686,
      68.49,
      70.162,
      71.54,
      72.814,
      73.696,
      74.752,
      75.694
    ],
    "test_loss": [
      1.2420531511306763,
      1.138579249382019,
      1.094866394996643,
      1.0706537961959839,
      1.0716830492019653,
      1.0797735452651978,
      1.078447937965393,
      1.078077793121338,
      1.0851354598999023,
      1.0894911289215088,
      1.1147929430007935,
      1.1370518207550049
    ],
    "test_acc": [
      55.65,
      59.52,
      60.52,
      61.79,
      62.16,
      62.34,
      63.06,
      63.35,
      63.5,
      63.75,
      63.6,
      63.41
    ]
  }
}