{
  "config": {
    "run_name": "exp1_2_L4_K128",
    "out_dir": "./results",
    "seed": 42,
    "bs_train": 50,
    "bs_test": 12,
    "batches": 10,
    "epochs": 50,
    "early_stopping": 2,
    "checkpoints": null,
    "lr": 0.001,
    "reg": 0.001,
    "filters_per_layer": [
      128
    ],
    "layers_per_block": 4,
    "pool_every": 2,
    "hidden_dims": [
      100
    ],
    "ycn": false,
    "kw": {}
  },
  "results": {
    "num_epochs": 0,
    "train_loss": [
      1.5510327816009521,
      1.0968010425567627,
      0.9151099920272827,
      0.8007258772850037,
      0.71839439868927,
      0.648868203163147,
      0.5908719301223755,
      0.5482684969902039
    ],
    "train_acc": [
      43.532,
      60.958,
      67.63,
      71.922,
      74.874,
      77.236,
      79.252,
      80.784
    ],
    "test_loss": [
      1.2334957122802734,
      0.9842817783355713,
      0.8956670761108398,
      0.8388120532035828,
      0.832292914390564,
      0.8196683526039124,
      0.8448242545127869,
      0.8589693903923035
    ],
    "test_acc": [
      55.63,
      65.11,
      67.98,
      70.75,
      71.45,
      72.4,
      72.32,
      72.2
    ]
  }
}