{
  "config": {
    "run_name": "exp1_2_L2_K32",
    "out_dir": "./results",
    "seed": 42,
    "bs_train": 50,
    "bs_test": 12,
    "batches": 1000,
    "epochs": 50,
    "early_stopping": 2,
    "checkpoints": null,
    "lr": 0.001,
    "reg": 0.001,
    "filters_per_layer": [
      32
    ],
    "layers_per_block": 2,
    "pool_every": 2,
    "hidden_dims": [
      100
    ],
    "ycn": false,
    "kw": {}
  },
  "results": {
    "num_epochs": 0,
    "train_loss": [
      1.462472677230835,
      1.1535955667495728,
      1.0160008668899536,
      0.9226927757263184,
      0.8552173376083374,
      0.7994917035102844,
      0.7494080662727356,
      0.702735185623169,
      0.655377209186554,
      0.6165133714675903
    ],
    "train_acc": [
      47.33,
      59.068,
      64.37,
      67.358,
      69.952,
      71.98,
      73.79,
      75.542,
      77.056,
      78.534
    ],
    "test_loss": [
      1.2095363140106201,
      1.0929301977157593,
      1.020606517791748,
      1.012076497077942,
      1.0073635578155518,
      1.0284743309020996,
      1.0238786935806274,
      1.0379470586776733,
      1.0932598114013672,
      1.0939184427261353
    ],
    "test_acc": [
      56.81,
      61.06,
      63.19,
      64.16,
      64.6,
      64.55,
      65.56,
      65.7,
      64.56,
      65.07
    ]
  }
}