{
  "config": {
    "run_name": "exp1_2_L4_K128",
    "out_dir": "./results",
    "seed": 42,
    "bs_train": 50,
    "bs_test": 12,
    "batches": 1000,
    "epochs": 50,
    "early_stopping": 2,
    "checkpoints": null,
    "lr": 0.001,
    "reg": 0.001,
    "filters_per_layer": [
      128
    ],
    "layers_per_block": 4,
    "pool_every": 1,
    "hidden_dims": [
      100
    ],
    "ycn": false,
    "kw": {}
  },
  "results": {
    "num_epochs": 0,
    "train_loss": [
      1.6915265321731567,
      1.2826982736587524,
      1.0953253507614136,
      0.9678228497505188,
      0.8692566156387329,
      0.7935947775840759,
      0.7310779094696045,
      0.6855002641677856,
      0.6423419117927551,
      0.6066675782203674
    ],
    "train_acc": [
      36.55,
      53.024,
      60.692,
      65.624,
      69.372,
      72.172,
      74.44,
      76.034,
      77.524,
      79.014
    ],
    "test_loss": [
      1.4055507183074951,
      1.1437199115753174,
      1.0361449718475342,
      0.9596450924873352,
      0.8868240118026733,
      0.8596386313438416,
      0.8140429258346558,
      0.7990940809249878,
      0.8002945184707642,
      0.8487184047698975
    ],
    "test_acc": [
      48.68,
      58.19,
      62.39,
      65.76,
      68.55,
      69.56,
      71.47,
      71.92,
      71.9,
      70.8
    ]
  }
}