{
  "config": {
    "run_name": "exp1_1_K32_L2",
    "out_dir": "./results",
    "seed": 42,
    "bs_train": 50,
    "bs_test": 12,
    "batches": 1000,
    "epochs": 50,
    "early_stopping": 2,
    "checkpoints": null,
    "lr": 0.001,
    "reg": 0.001,
    "filters_per_layer": [
      32
    ],
    "layers_per_block": 2,
    "pool_every": 1,
    "hidden_dims": [
      100
    ],
    "ycn": false,
    "kw": {}
  },
  "results": {
    "num_epochs": 0,
    "train_loss": [
      1.5353907346725464,
      1.22752046585083,
      1.0971368551254272,
      1.0119051933288574,
      0.9486129283905029,
      0.8975687623023987,
      0.8568934202194214,
      0.8217954039573669,
      0.7898834347724915,
      0.7614834904670715,
      0.7373085021972656,
      0.713926374912262
    ],
    "train_acc": [
      44.336,
      56.45,
      61.584,
      64.614,
      66.98,
      68.724,
      70.134,
      71.448,
      72.506,
      73.65,
      74.446,
      75.42
    ],
    "test_loss": [
      1.2775245904922485,
      1.1234492063522339,
      1.044128656387329,
      0.9949932098388672,
      0.9547480940818787,
      0.9330898523330688,
      0.9296033382415771,
      0.9261593818664551,
      0.9161266088485718,
      0.9150059819221497,
      0.9309068918228149,
      0.9309248924255371
    ],
    "test_acc": [
      54.2,
      60.4,
      63.7,
      65.32,
      67.09,
      67.56,
      68.06,
      68.28,
      68.66,
      68.72,
      68.47,
      68.52
    ]
  }
}