{
  "config": {
    "run_name": "exp1_1_K64_L4",
    "out_dir": "./results",
    "seed": 42,
    "bs_train": 50,
    "bs_test": 12,
    "batches": 1000,
    "epochs": 50,
    "early_stopping": 2,
    "checkpoints": null,
    "lr": 0.001,
    "reg": 0.001,
    "filters_per_layer": [
      64
    ],
    "layers_per_block": 4,
    "pool_every": 1,
    "hidden_dims": [
      100
    ],
    "ycn": false,
    "kw": {}
  },
  "results": {
    "num_epochs": 0,
    "train_loss": [
      1.652835726737976,
      1.2806670665740967,
      1.096533179283142,
      0.9611966609954834,
      0.8679366111755371,
      0.7993344068527222,
      0.7503800988197327,
      0.7079501748085022,
      0.6658480763435364,
      0.6381732821464539,
      0.6131230592727661,
      0.5868778228759766,
      0.5625495910644531,
      0.5449572801589966
    ],
    "train_acc": [
      38.192,
      53.37,
      60.738,
      65.982,
      69.48,
      72.064,
      73.942,
      75.366,
      76.76,
      77.722,
      78.668,
      79.412,
      80.38,
      81.086
    ],
    "test_loss": [
      1.37739098072052,
      1.1525483131408691,
      1.0102299451828003,
      0.9186808466911316,
      0.9111327528953552,
      0.8601081967353821,
      0.8293664455413818,
      0.8170858025550842,
      0.8160954117774963,
      0.8020943403244019,
      0.8114147782325745,
      0.8128726482391357,
      0.8542034029960632,
      0.8864578604698181
    ],
    "test_acc": [
      48.65,
      58.36,
      63.8,
      67.73,
      67.96,
      70.54,
      71.66,
      72.52,
      72.66,
      72.97,
      72.8,
      72.99,
      72.03,
      71.59
    ]
  }
}