{
  "config": {
    "run_name": "exp1_2_L4_K258",
    "out_dir": "./results",
    "seed": 42,
    "bs_train": 50,
    "bs_test": 12,
    "batches": 1000,
    "epochs": 50,
    "early_stopping": 2,
    "checkpoints": null,
    "lr": 0.001,
    "reg": 0.001,
    "filters_per_layer": [
      258
    ],
    "layers_per_block": 4,
    "pool_every": 2,
    "hidden_dims": [
      100
    ],
    "ycn": false,
    "kw": {}
  },
  "results": {
    "num_epochs": 0,
    "train_loss": [
      1.5040868520736694,
      1.0382633209228516,
      0.8680343627929688,
      0.7656700015068054,
      0.6853061318397522,
      0.616666853427887,
      0.5544830560684204,
      0.49739617109298706
    ],
    "train_acc": [
      45.602,
      63.376,
      69.486,
      73.2,
      75.95,
      78.468,
      80.574,
      82.598
    ],
    "test_loss": [
      1.1323115825653076,
      0.9285357594490051,
      0.8471154570579529,
      0.8172224164009094,
      0.8171349763870239,
      0.826657235622406,
      0.8469856977462769,
      0.9324657917022705
    ],
    "test_acc": [
      59.55,
      67.57,
      70.19,
      71.17,
      71.18,
      71.92,
      71.68,
      70.4
    ]
  }
}