{
  "config": {
    "run_name": "exp1_2_L4_K258",
    "out_dir": "./results",
    "seed": 42,
    "bs_train": 50,
    "bs_test": 12,
    "batches": 1000,
    "epochs": 50,
    "early_stopping": 2,
    "checkpoints": null,
    "lr": 0.001,
    "reg": 0.001,
    "filters_per_layer": [
      258
    ],
    "layers_per_block": 4,
    "pool_every": 1,
    "hidden_dims": [
      100
    ],
    "ycn": false,
    "kw": {}
  },
  "results": {
    "num_epochs": 0,
    "train_loss": [
      1.6293747425079346,
      1.2023104429244995,
      1.0002707242965698,
      0.873591423034668,
      0.7819836735725403,
      0.7134298086166382,
      0.6597728729248047,
      0.608147919178009,
      0.5705298781394958,
      0.5379614233970642,
      0.502427339553833,
      0.4755858778953552
    ],
    "train_acc": [
      39.616,
      56.576,
      64.712,
      69.19,
      72.606,
      75.128,
      77.038,
      78.962,
      80.154,
      81.272,
      82.688,
      83.45
    ],
    "test_loss": [
      1.2978525161743164,
      1.0713571310043335,
      0.9702144861221313,
      0.9031868577003479,
      0.8382854461669922,
      0.8175453543663025,
      0.8257869482040405,
      0.779736340045929,
      0.8334092497825623,
      0.7933388352394104,
      0.8499614596366882,
      0.8708491921424866
    ],
    "test_acc": [
      52.68,
      61.67,
      65.36,
      68.15,
      70.78,
      71.87,
      71.87,
      73.3,
      72.29,
      73.62,
      73.05,
      72.53
    ]
  }
}