{
  "config": {
    "run_name": "exp1_2_L4_K32",
    "out_dir": "./results",
    "seed": 42,
    "bs_train": 50,
    "bs_test": 12,
    "batches": 1000,
    "epochs": 50,
    "early_stopping": 2,
    "checkpoints": null,
    "lr": 0.001,
    "reg": 0.001,
    "filters_per_layer": [
      32
    ],
    "layers_per_block": 4,
    "pool_every": 2,
    "hidden_dims": [
      100
    ],
    "ycn": false,
    "kw": {}
  },
  "results": {
    "num_epochs": 0,
    "train_loss": [
      1.653619408607483,
      1.2411173582077026,
      1.0681781768798828,
      0.9510093927383423,
      0.8576322197914124,
      0.7871838212013245,
      0.7337493300437927,
      0.6873700618743896
    ],
    "train_acc": [
      38.896,
      55.468,
      62.154,
      66.472,
      70.012,
      72.604,
      74.57,
      76.208
    ],
    "test_loss": [
      1.3466005325317383,
      1.114344596862793,
      0.9972196221351624,
      0.9195789098739624,
      0.8788432478904724,
      0.8505193591117859,
      0.8662266731262207,
      0.9036823511123657
    ],
    "test_acc": [
      50.65,
      60.78,
      65.01,
      67.65,
      69.36,
      70.35,
      70.07,
      69.05
    ]
  }
}