{
  "config": {
    "run_name": "exp1_3_L1_K-64-128-256",
    "out_dir": "./results",
    "seed": 42,
    "bs_train": 50,
    "bs_test": 12,
    "batches": 1000,
    "epochs": 50,
    "early_stopping": 3,
    "checkpoints": null,
    "lr": 0.001,
    "reg": 0.001,
    "filters_per_layer": [
      64,
      128,
      256
    ],
    "layers_per_block": 1,
    "pool_every": 1,
    "hidden_dims": [
      100
    ],
    "ycn": false,
    "kw": {}
  },
  "results": {
    "num_epochs": 0,
    "train_loss": [
      1.4837754964828491,
      1.0857845544815063,
      0.9188724160194397,
      0.8159399032592773,
      0.7437498569488525,
      0.6858645081520081,
      0.6361167430877686,
      0.5928018689155579,
      0.5568975210189819
    ],
    "train_acc": [
      45.706,
      61.434,
      67.856,
      71.45,
      74.324,
      76.162,
      77.804,
      79.476,
      80.654
    ],
    "test_loss": [
      1.2027983665466309,
      0.9712615609169006,
      0.8739288449287415,
      0.8311455845832825,
      0.8072267174720764,
      0.7886411547660828,
      0.7894538044929504,
      0.8316231966018677,
      0.8603616952896118
    ],
    "test_acc": [
      57.3,
      65.65,
      69.27,
      70.63,
      71.93,
      72.87,
      72.63,
      71.62,
      71.19
    ]
  }
}