{
  "config": {
    "run_name": "exp1_2_L2_K258",
    "out_dir": "./results",
    "seed": 42,
    "bs_train": 50,
    "bs_test": 12,
    "batches": 1000,
    "epochs": 50,
    "early_stopping": 2,
    "checkpoints": null,
    "lr": 0.001,
    "reg": 0.001,
    "filters_per_layer": [
      258
    ],
    "layers_per_block": 2,
    "pool_every": 1,
    "hidden_dims": [
      100
    ],
    "ycn": false,
    "kw": {}
  },
  "results": {
    "num_epochs": 0,
    "train_loss": [
      1.4403935670852661,
      1.1195769309997559,
      0.9904360175132751,
      0.9164562225341797,
      0.8717434406280518,
      0.8386759161949158,
      0.8035134673118591,
      0.7770557999610901,
      0.7488972544670105,
      0.7304676175117493,
      0.7068571448326111,
      0.6892831921577454,
      0.672578752040863,
      0.6584746837615967
    ],
    "train_acc": [
      48.182,
      60.582,
      65.364,
      68.254,
      69.588,
      70.916,
      72.058,
      73.01,
      74.074,
      74.61,
      75.376,
      76.138,
      76.622,
      77.15
    ],
    "test_loss": [
      1.182206630706787,
      1.0420769453048706,
      0.9711827039718628,
      0.9347381591796875,
      0.9107298851013184,
      0.9002853631973267,
      0.8924669027328491,
      0.8917297720909119,
      0.8970445394515991,
      0.8812249302864075,
      0.9108008146286011,
      0.8800035715103149,
      0.9060705900192261,
      0.9068976044654846
    ],
    "test_acc": [
      57.83,
      63.12,
      65.61,
      67.03,
      67.82,
      68.48,
      68.76,
      68.72,
      69.25,
      69.36,
      68.73,
      70.08,
      69.18,
      69.7
    ]
  }
}