{
  "config": {
    "run_name": "exp1_1_K32_L16",
    "out_dir": "./results",
    "seed": 42,
    "bs_train": 100,
    "bs_test": 25,
    "batches": 1000,
    "epochs": 50,
    "early_stopping": 2,
    "checkpoints": null,
    "lr": 0.001,
    "reg": 0.001,
    "filters_per_layer": [
      32
    ],
    "layers_per_block": 16,
    "pool_every": 16,
    "hidden_dims": [
      100
    ],
    "ycn": false,
    "kw": {}
  },
  "results": {
    "num_epochs": 0,
    "train_loss": [
      2.3032939434051514,
      2.3028204441070557,
      2.3027403354644775
    ],
    "train_acc": [
      10.064,
      9.872,
      9.838
    ],
    "test_loss": [
      2.3026769161224365,
      2.3026294708251953,
      2.302619218826294
    ],
    "test_acc": [
      10.0,
      10.0,
      10.0
    ]
  }
}