{
  "config": {
    "run_name": "exp1_3_L2_K-64-128-256",
    "out_dir": "./results",
    "seed": 42,
    "bs_train": 50,
    "bs_test": 12,
    "batches": 1000,
    "epochs": 50,
    "early_stopping": 3,
    "checkpoints": null,
    "lr": 0.001,
    "reg": 0.001,
    "filters_per_layer": [
      64,
      128,
      256
    ],
    "layers_per_block": 2,
    "pool_every": 3,
    "hidden_dims": [
      100
    ],
    "ycn": false,
    "kw": {}
  },
  "results": {
    "num_epochs": 0,
    "train_loss": [
      1.8928568363189697,
      1.4718291759490967,
      1.2418397665023804,
      1.0720884799957275,
      0.9647983908653259,
      0.8779945969581604,
      0.8099422454833984,
      0.7625662088394165,
      0.7176012992858887,
      0.6850569844245911,
      0.6563637852668762,
      0.6284611225128174,
      0.6033903956413269,
      0.5818573832511902,
      0.5621800422668457
    ],
    "train_acc": [
      29.282,
      46.022,
      55.314,
      61.874,
      65.994,
      69.078,
      71.502,
      73.154,
      74.744,
      75.936,
      76.952,
      77.94,
      78.986,
      79.722,
      80.252
    ],
    "test_loss": [
      1.5821332931518555,
      1.3269155025482178,
      1.1466001272201538,
      1.0392787456512451,
      0.9773769378662109,
      0.9160746932029724,
      0.8991737365722656,
      0.8927528262138367,
      0.8900400400161743,
      0.8508414626121521,
      0.8674541115760803,
      0.8318741917610168,
      0.8704624772071838,
      0.8852478265762329,
      0.88168865442276
    ],
    "test_acc": [
      41.08,
      51.91,
      59.01,
      63.32,
      65.8,
      68.24,
      68.94,
      68.89,
      69.45,
      70.74,
      70.61,
      71.94,
      70.6,
      70.56,
      70.96
    ]
  }
}