{
  "config": {
    "run_name": "exp1_2_L8_K258",
    "out_dir": "./results",
    "seed": 42,
    "bs_train": 50,
    "bs_test": 12,
    "batches": 1000,
    "epochs": 50,
    "early_stopping": 3,
    "checkpoints": null,
    "lr": 0.001,
    "reg": 0.001,
    "filters_per_layer": [
      258
    ],
    "layers_per_block": 8,
    "pool_every": 2,
    "hidden_dims": [
      100
    ],
    "ycn": false,
    "kw": {}
  },
  "results": {
    "num_epochs": 0,
    "train_loss": [
      2.3030893802642822,
      2.302830457687378,
      2.3027865886688232,
      2.3027703762054443,
      2.302774429321289
    ],
    "train_acc": [
      9.818,
      9.77,
      9.734,
      9.69,
      9.584
    ],
    "test_loss": [
      2.3026652336120605,
      2.302635431289673,
      2.3026533126831055,
      2.3026657104492188,
      2.3026232719421387
    ],
    "test_acc": [
      10.0,
      10.0,
      10.0,
      10.0,
      10.0
    ]
  }
}