{
  "config": {
    "run_name": "exp1_2_L2_K64",
    "out_dir": "./results",
    "seed": 42,
    "bs_train": 50,
    "bs_test": 12,
    "batches": 1000,
    "epochs": 50,
    "early_stopping": 2,
    "checkpoints": null,
    "lr": 0.001,
    "reg": 0.001,
    "filters_per_layer": [
      64
    ],
    "layers_per_block": 2,
    "pool_every": 1,
    "hidden_dims": [
      100
    ],
    "ycn": false,
    "kw": {}
  },
  "results": {
    "num_epochs": 0,
    "train_loss": [
      1.4626350402832031,
      1.1438242197036743,
      1.0181211233139038,
      0.939495325088501,
      0.8788158297538757,
      0.8279922008514404,
      0.7850458025932312,
      0.7489327788352966,
      0.7161804437637329,
      0.6854935884475708,
      0.659519612789154,
      0.6360834836959839
    ],
    "train_acc": [
      47.218,
      59.644,
      64.516,
      67.24,
      69.49,
      71.338,
      72.636,
      73.982,
      75.166,
      76.208,
      77.212,
      77.984
    ],
    "test_loss": [
      1.2092392444610596,
      1.0517774820327759,
      0.9716261625289917,
      0.9357101917266846,
      0.9132353067398071,
      0.8948193788528442,
      0.8899192810058594,
      0.8876272439956665,
      0.8841624855995178,
      0.8793840408325195,
      0.8961405158042908,
      0.9197829365730286
    ],
    "test_acc": [
      57.19,
      62.91,
      66.14,
      67.57,
      68.29,
      69.01,
      69.59,
      69.61,
      70.09,
      70.4,
      69.9,
      69.82
    ]
  }
}