{
  "config": {
    "run_name": "exp1_2_L8_K32",
    "out_dir": "./results",
    "seed": 42,
    "bs_train": 50,
    "bs_test": 12,
    "batches": 1000,
    "epochs": 50,
    "early_stopping": 3,
    "checkpoints": null,
    "lr": 0.001,
    "reg": 0.001,
    "filters_per_layer": [
      32
    ],
    "layers_per_block": 8,
    "pool_every": 2,
    "hidden_dims": [
      100
    ],
    "ycn": false,
    "kw": {}
  },
  "results": {
    "num_epochs": 0,
    "train_loss": [
      2.303266763687134,
      2.3029532432556152,
      2.302891254425049,
      2.302842140197754,
      2.302811622619629
    ],
    "train_acc": [
      9.716,
      9.714,
      9.66,
      9.648,
      9.722
    ],
    "test_loss": [
      2.3030242919921875,
      2.3028078079223633,
      2.3027420043945312,
      2.3027215003967285,
      2.3026621341705322
    ],
    "test_acc": [
      10.0,
      10.0,
      10.0,
      10.0,
      10.0
    ]
  }
}