{
  "config": {
    "run_name": "exp1_2_L8_K128",
    "out_dir": "./results",
    "seed": 42,
    "bs_train": 50,
    "bs_test": 12,
    "batches": 1000,
    "epochs": 50,
    "early_stopping": 2,
    "checkpoints": null,
    "lr": 0.001,
    "reg": 0.001,
    "filters_per_layer": [
      128
    ],
    "layers_per_block": 8,
    "pool_every": 8,
    "hidden_dims": [
      100
    ],
    "ycn": false,
    "kw": {}
  },
  "results": {
    "num_epochs": 0,
    "train_loss": [
      2.30318284034729,
      2.3028087615966797,
      2.302793025970459
    ],
    "train_acc": [
      9.854,
      9.666,
      9.724
    ],
    "test_loss": [
      2.3027117252349854,
      2.302654266357422,
      2.302643060684204
    ],
    "test_acc": [
      10.0,
      10.0,
      10.0
    ]
  }
}