{
  "config": {
    "run_name": "exp1_2_L4_K64",
    "out_dir": "./results",
    "seed": 42,
    "bs_train": 50,
    "bs_test": 12,
    "batches": 1000,
    "epochs": 50,
    "early_stopping": 2,
    "checkpoints": null,
    "lr": 0.001,
    "reg": 0.001,
    "filters_per_layer": [
      64
    ],
    "layers_per_block": 4,
    "pool_every": 1,
    "hidden_dims": [
      100
    ],
    "ycn": false,
    "kw": {}
  },
  "results": {
    "num_epochs": 0,
    "train_loss": [
      1.6594092845916748,
      1.2866767644882202,
      1.1000086069107056,
      0.964981198310852,
      0.8677754402160645,
      0.7972388863563538,
      0.7478816509246826,
      0.7016309499740601,
      0.6623858213424683,
      0.6288159489631653
    ],
    "train_acc": [
      37.942,
      53.164,
      60.652,
      65.896,
      69.416,
      72.044,
      73.704,
      75.486,
      76.92,
      77.936
    ],
    "test_loss": [
      1.3849455118179321,
      1.162671685218811,
      1.0144132375717163,
      0.9135491251945496,
      0.861965000629425,
      0.8412747979164124,
      0.8368244767189026,
      0.7967218160629272,
      0.799728274345398,
      0.7993322610855103
    ],
    "test_acc": [
      48.98,
      58.02,
      64.17,
      68.03,
      69.81,
      70.57,
      70.87,
      72.43,
      72.25,
      72.32
    ]
  }
}