{
  "config": {
    "run_name": "exp1_3_L3_K-64-128-256",
    "out_dir": "./results",
    "seed": 42,
    "bs_train": 100,
    "bs_test": 25,
    "batches": 500,
    "epochs": 50,
    "early_stopping": 2,
    "checkpoints": null,
    "lr": 0.001,
    "reg": 0.001,
    "filters_per_layer": [
      64,
      128,
      256
    ],
    "layers_per_block": 3,
    "pool_every": 3,
    "hidden_dims": [
      100
    ],
    "ycn": false,
    "kw": {}
  },
  "results": {
    "num_epochs": 0,
    "train_loss": [
      2.3029890060424805,
      2.302781820297241,
      2.3027429580688477
    ],
    "train_acc": [
      9.824,
      9.692,
      9.77
    ],
    "test_loss": [
      2.3026833534240723,
      2.302628993988037,
      2.3026177883148193
    ],
    "test_acc": [
      10.0,
      10.0,
      10.0
    ]
  }
}