{
  "config": {
    "run_name": "exp1_2_L2_K258",
    "out_dir": "./results",
    "seed": 42,
    "bs_train": 50,
    "bs_test": 12,
    "batches": 1000,
    "epochs": 50,
    "early_stopping": 2,
    "checkpoints": null,
    "lr": 0.001,
    "reg": 0.001,
    "filters_per_layer": [
      258
    ],
    "layers_per_block": 2,
    "pool_every": 2,
    "hidden_dims": [
      100
    ],
    "ycn": false,
    "kw": {}
  },
  "results": {
    "num_epochs": 0,
    "train_loss": [
      1.4689223766326904,
      1.1804903745651245,
      1.072318196296692,
      0.9827578067779541,
      0.9118731617927551,
      0.8541416525840759,
      0.801831066608429,
      0.756007194519043,
      0.7138653993606567,
      0.6826577186584473,
      0.6453438401222229
    ],
    "train_acc": [
      47.096,
      58.016,
      62.064,
      65.264,
      68.006,
      69.998,
      71.78,
      73.698,
      75.124,
      76.322,
      77.364
    ],
    "test_loss": [
      1.2448467016220093,
      1.1538891792297363,
      1.1035088300704956,
      1.0593907833099365,
      1.0421245098114014,
      1.0472080707550049,
      1.0591627359390259,
      1.069865345954895,
      1.0915606021881104,
      1.1281298398971558,
      1.1491246223449707
    ],
    "test_acc": [
      55.14,
      58.36,
      60.31,
      62.16,
      63.23,
      63.49,
      63.63,
      63.82,
      63.94,
      63.79,
      63.94
    ]
  }
}