{
  "config": {
    "run_name": "exp1_3_L1_K-64-128-256",
    "out_dir": "./results",
    "seed": 42,
    "bs_train": 50,
    "bs_test": 12,
    "batches": 10,
    "epochs": 50,
    "early_stopping": 3,
    "checkpoints": null,
    "lr": 0.001,
    "reg": 0.001,
    "filters_per_layer": [
      64,
      128,
      256
    ],
    "layers_per_block": 1,
    "pool_every": 1,
    "hidden_dims": [
      100
    ],
    "ycn": false,
    "kw": {}
  },
  "results": {
    "num_epochs": 0,
    "train_loss": [
      1.4872792959213257,
      1.086295485496521,
      0.9214308857917786,
      0.8229979872703552,
      0.7480447888374329,
      0.6887342929840088,
      0.6372253894805908,
      0.5967575907707214,
      0.5635340809822083,
      0.5328640341758728,
      0.4944504201412201,
      0.47285276651382446,
      0.44338345527648926
    ],
    "train_acc": [
      45.59,
      61.652,
      67.626,
      71.19,
      73.816,
      75.952,
      77.828,
      79.224,
      80.288,
      81.328,
      82.84,
      83.57,
      84.524
    ],
    "test_loss": [
      1.1877727508544922,
      0.993094265460968,
      0.893893837928772,
      0.8510389924049377,
      0.8132924437522888,
      0.8001824617385864,
      0.7989481687545776,
      0.8056743144989014,
      0.8032563924789429,
      0.8169106245040894,
      0.9308655858039856,
      0.967063307762146,
      0.9403735995292664
    ],
    "test_acc": [
      57.25,
      65.34,
      69.12,
      70.16,
      71.68,
      72.49,
      72.82,
      72.82,
      73.22,
      72.9,
      70.23,
      70.15,
      70.75
    ]
  }
}