{
  "config": {
    "run_name": "exp1_2_L4_K64",
    "out_dir": "./results",
    "seed": 42,
    "bs_train": 50,
    "bs_test": 12,
    "batches": 10,
    "epochs": 50,
    "early_stopping": 2,
    "checkpoints": null,
    "lr": 0.001,
    "reg": 0.001,
    "filters_per_layer": [
      64
    ],
    "layers_per_block": 4,
    "pool_every": 2,
    "hidden_dims": [
      100
    ],
    "ycn": false,
    "kw": {}
  },
  "results": {
    "num_epochs": 0,
    "train_loss": [
      1.5654792785644531,
      1.1217824220657349,
      0.9481085538864136,
      0.8421924710273743,
      0.7611156702041626,
      0.6938702464103699,
      0.6458861231803894,
      0.6061111688613892
    ],
    "train_acc": [
      42.742,
      60.128,
      66.768,
      70.56,
      73.284,
      75.638,
      77.222,
      78.658
    ],
    "test_loss": [
      1.2141952514648438,
      0.9917199015617371,
      0.8909947276115417,
      0.8512923717498779,
      0.8422192335128784,
      0.8292258381843567,
      0.837477445602417,
      0.8648633360862732
    ],
    "test_acc": [
      56.27,
      64.82,
      68.8,
      70.15,
      70.55,
      71.54,
      71.48,
      71.15
    ]
  }
}