{
  "config": {
    "run_name": "exp2_L4_K-64-128-256-512_4",
    "out_dir": "./results",
    "seed": 42,
    "bs_train": 100,
    "bs_test": 25,
    "batches": 500,
    "epochs": 90,
    "early_stopping": 18,
    "checkpoints": null,
    "lr": 0.0007,
    "reg": 0.001,
    "filters_per_layer": [
      64,
      128,
      256,
      512
    ],
    "layers_per_block": 4,
    "pool_every": 3,
    "hidden_dims": [
      100
    ],
    "ycn": true,
    "kw": {}
  },
  "results": {
    "num_epochs": 0,
    "train_loss": [
      1.5170069932937622,
      0.9194580316543579,
      0.7156506180763245,
      0.6051333546638489,
      0.5318801999092102,
      0.47020968794822693,
      0.4305850565433502,
      0.3932872414588928,
      0.35892346501350403,
      0.33745667338371277,
      0.3100593388080597,
      0.3016025424003601,
      0.2835468649864197,
      0.27718228101730347,
      0.2624438405036926,
      0.2506423592567444,
      0.24264706671237946,
      0.23390933871269226,
      0.22681409120559692,
      0.2255430668592453,
      0.22248134016990662,
      0.20839068293571472,
      0.20636026561260223,
      0.19889427721500397,
      0.19694457948207855,
      0.19613289833068848,
      0.1963319033384323,
      0.18719567358493805,
      0.1857459545135498,
      0.1883450746536255,
      0.18620792031288147,
      0.18170897662639618,
      0.174041286110878,
      0.17602062225341797,
      0.17789962887763977,
      0.17295682430267334,
      0.1775258183479309,
      0.17361432313919067,
      0.16731573641300201,
      0.17240704596042633,
      0.1734127700328827,
      0.16129130125045776,
      0.16339558362960815,
      0.16593395173549652,
      0.16399447619915009,
      0.1641501486301422,
      0.1600726842880249,
      0.1660073697566986,
      0.16267713904380798,
      0.15748389065265656,
      0.16154658794403076,
      0.15876320004463196,
      0.16033373773097992,
      0.16272173821926117,
      0.1559084802865982,
      0.15246796607971191,
      0.15950854122638702,
      0.15508054196834564,
      0.15701936185359955,
      0.15385685861110687,
      0.15734145045280457,
      0.1549832671880722,
      0.15275906026363373,
      0.15583233535289764,
      0.15477214753627777,
      0.1536385416984558,
      0.15036126971244812,
      0.1581147313117981
    ],
    "train_acc": [
      43.97,
      68.442,
      75.648,
      79.524,
      82.012,
      84.116,
      85.31,
      86.806,
      87.886,
      88.466,
      89.466,
      89.766,
      90.22,
      90.498,
      91.06,
      91.376,
      91.632,
      91.944,
      92.092,
      92.36,
      92.448,
      92.888,
      92.802,
      93.102,
      93.196,
      93.27,
      93.224,
      93.578,
      93.574,
      93.62,
      93.558,
      93.77,
      94.016,
      93.894,
      93.792,
      94.09,
      93.962,
      93.97,
      94.382,
      94.018,
      94.062,
      94.43,
      94.386,
      94.266,
      94.406,
      94.384,
      94.454,
      94.296,
      94.52,
      94.648,
      94.42,
      94.526,
      94.328,
      94.408,
      94.59,
      94.664,
      94.598,
      94.706,
      94.686,
      94.644,
      94.716,
      94.774,
      94.706,
      94.678,
      94.7,
      94.806,
      94.814,
      94.554
    ],
    "test_loss": [
      1.1485199928283691,
      0.8139625191688538,
      0.7082381844520569,
      0.6411109566688538,
      0.6098997592926025,
      0.5395010113716125,
      0.5177904367446899,
      0.4935762584209442,
      0.5187846422195435,
      0.45428183674812317,
      0.483347088098526,
      0.4540446102619171,
      0.4462049901485443,
      0.45021316409111023,
      0.4364611804485321,
      0.44744670391082764,
      0.46686315536499023,
      0.4470091164112091,
      0.49049994349479675,
      0.44064879417419434,
      0.4452159106731415,
      0.4911600649356842,
      0.4832972288131714,
      0.5290534496307373,
      0.4357919692993164,
      0.43589702248573303,
      0.48617494106292725,
      0.47057193517684937,
      0.4723014235496521,
      0.4435187578201294,
      0.45062533020973206,
      0.4383918344974518,
      0.47207772731781006,
      0.4635953903198242,
      0.5124973058700562,
      0.48721012473106384,
      0.44650834798812866,
      0.4386600852012634,
      0.4930732250213623,
      0.4731960892677307,
      0.43459320068359375,
      0.44692882895469666,
      0.43371057510375977,
      0.43930259346961975,
      0.46050459146499634,
      0.44173160195350647,
      0.4098200500011444,
      0.4627840220928192,
      0.43112948536872864,
      0.42439931631088257,
      0.4330751299858093,
      0.4439448416233063,
      0.43054771423339844,
      0.43117091059684753,
      0.430483877658844,
      0.45894724130630493,
      0.417036771774292,
      0.4387509822845459,
      0.4499458968639374,
      0.5021939277648926,
      0.4779272973537445,
      0.5073674917221069,
      0.5429918169975281,
      0.43595293164253235,
      0.4384283721446991,
      0.42224693298339844,
      0.42959925532341003,
      0.4325472414493561
    ],
    "test_acc": [
      58.2,
      71.71,
      76.17,
      78.48,
      79.47,
      81.88,
      82.45,
      83.35,
      82.48,
      84.68,
      83.88,
      84.41,
      85.23,
      85.31,
      85.44,
      85.42,
      84.74,
      85.23,
      84.06,
      85.14,
      85.21,
      84.14,
      84.36,
      83.67,
      85.82,
      85.98,
      84.83,
      85.15,
      85.03,
      86.05,
      85.67,
      86.42,
      85.37,
      85.9,
      84.62,
      85.18,
      86.36,
      86.19,
      84.88,
      85.09,
      86.31,
      86.11,
      86.38,
      86.18,
      86.33,
      86.56,
      86.92,
      86.18,
      86.39,
      87.1,
      86.61,
      86.32,
      86.57,
      86.49,
      86.57,
      86.11,
      86.62,
      86.54,
      85.65,
      85.16,
      85.58,
      84.93,
      84.47,
      86.98,
      86.24,
      86.07,
      86.82,
      86.46
    ]
  }
}