{
  "config": {
    "run_name": "exp2_L4_K-64-128-256",
    "out_dir": "./results",
    "seed": 42,
    "bs_train": 50,
    "bs_test": 12,
    "batches": 1000,
    "epochs": 90,
    "early_stopping": 18,
    "checkpoints": null,
    "lr": 0.0006,
    "reg": 0.001,
    "filters_per_layer": [
      64,
      128,
      256
    ],
    "layers_per_block": 4,
    "pool_every": 3,
    "hidden_dims": [
      100
    ],
    "ycn": true,
    "kw": {}
  },
  "results": {
    "num_epochs": 0,
    "train_loss": [
      1.4756507873535156,
      0.9251842498779297,
      0.7408452033996582,
      0.6302275657653809,
      0.5502914786338806,
      0.4960451126098633,
      0.45260754227638245,
      0.4187401533126831,
      0.3931877613067627,
      0.3649669885635376,
      0.3484375476837158,
      0.3230839669704437,
      0.31522002816200256,
      0.2989775836467743,
      0.28406235575675964,
      0.28080692887306213,
      0.26728329062461853,
      0.2584133446216583,
      0.2536714971065521,
      0.25077030062675476,
      0.23912106454372406,
      0.23503176867961884,
      0.23486335575580597,
      0.21879373490810394,
      0.21987538039684296,
      0.2179982215166092,
      0.216711163520813,
      0.21101349592208862,
      0.20993314683437347,
      0.20355471968650818,
      0.199174702167511,
      0.20091862976551056,
      0.19739066064357758,
      0.19659815728664398,
      0.18979047238826752,
      0.18907245993614197,
      0.19358232617378235,
      0.19051866233348846,
      0.18368157744407654,
      0.18619133532047272,
      0.17936868965625763,
      0.17645379900932312,
      0.1807282716035843,
      0.1771167516708374,
      0.17340682446956635,
      0.17111599445343018,
      0.17689335346221924,
      0.17436431348323822,
      0.17135737836360931,
      0.17401430010795593,
      0.1691083163022995,
      0.17263172566890717,
      0.16470034420490265
    ],
    "train_acc": [
      45.446,
      68.516,
      75.264,
      79.03,
      81.512,
      83.512,
      85.01,
      86.206,
      86.884,
      87.828,
      88.478,
      89.382,
      89.412,
      90.206,
      90.468,
      90.668,
      91.06,
      91.492,
      91.556,
      91.612,
      91.94,
      92.264,
      92.082,
      92.664,
      92.586,
      92.658,
      92.688,
      93.016,
      92.952,
      93.166,
      93.276,
      93.174,
      93.56,
      93.354,
      93.68,
      93.772,
      93.426,
      93.706,
      93.838,
      93.61,
      94.036,
      94.048,
      94.042,
      94.052,
      94.27,
      94.412,
      93.998,
      94.216,
      94.398,
      94.286,
      94.34,
      94.226,
      94.468
    ],
    "test_loss": [
      0.9917832016944885,
      0.7633692026138306,
      0.6840497255325317,
      0.6474968791007996,
      0.5834660530090332,
      0.6145938634872437,
      0.5462889671325684,
      0.4909493923187256,
      0.4900279641151428,
      0.48638883233070374,
      0.5012363791465759,
      0.521950364112854,
      0.46830272674560547,
      0.5052658915519714,
      0.4875253140926361,
      0.4796030819416046,
      0.4622510075569153,
      0.463247686624527,
      0.5217008590698242,
      0.45770809054374695,
      0.49558207392692566,
      0.4839657247066498,
      0.5035215020179749,
      0.48836177587509155,
      0.4658533036708832,
      0.4946424663066864,
      0.47638949751853943,
      0.458629846572876,
      0.4650786519050598,
      0.4807197153568268,
      0.4532679617404938,
      0.5270768404006958,
      0.4814990162849426,
      0.4347498118877411,
      0.48435813188552856,
      0.4470808207988739,
      0.4684084355831146,
      0.46324944496154785,
      0.4923318326473236,
      0.45760396122932434,
      0.46480607986450195,
      0.4694722294807434,
      0.4888390600681305,
      0.46849751472473145,
      0.4626229703426361,
      0.4804705083370209,
      0.46860551834106445,
      0.4686300754547119,
      0.4714668393135071,
      0.45919159054756165,
      0.4694979190826416,
      0.44879719614982605,
      0.47529730200767517
    ],
    "test_acc": [
      64.95,
      74.51,
      77.51,
      78.25,
      80.83,
      79.62,
      82.17,
      83.43,
      83.99,
      83.9,
      83.56,
      83.12,
      84.66,
      83.03,
      84.06,
      84.24,
      84.98,
      84.98,
      82.64,
      85.03,
      84.02,
      84.71,
      83.67,
      83.95,
      85.39,
      84.57,
      84.89,
      85.21,
      85.07,
      84.56,
      84.84,
      83.34,
      84.68,
      85.98,
      85.01,
      85.5,
      85.04,
      85.28,
      84.69,
      85.24,
      85.05,
      85.48,
      84.95,
      85.33,
      85.15,
      85.11,
      84.79,
      84.83,
      84.74,
      85.67,
      84.91,
      85.8,
      85.07
    ]
  }
}