{
  "config": {
    "run_name": "exp2_L1_K-64-128-256-512",
    "out_dir": "./results",
    "seed": 42,
    "bs_train": 100,
    "bs_test": 25,
    "batches": 500,
    "epochs": 90,
    "early_stopping": 9,
    "checkpoints": null,
    "lr": 0.0003,
    "reg": 0.001,
    "filters_per_layer": [
      64,
      128,
      256,
      512
    ],
    "layers_per_block": 1,
    "pool_every": 1,
    "hidden_dims": [
      100
    ],
    "ycn": true,
    "kw": {}
  },
  "results": {
    "num_epochs": 0,
    "train_loss": [
      1.5026599168777466,
      1.0030180215835571,
      0.7925009727478027,
      0.6597242951393127,
      0.5658572316169739,
      0.48303738236427307,
      0.4157724678516388,
      0.35672903060913086,
      0.3161756694316864,
      0.28122738003730774,
      0.2516818940639496,
      0.23064842820167542,
      0.2067600041627884,
      0.19249802827835083,
      0.1749175488948822,
      0.16548626124858856,
      0.16211101412773132,
      0.14920839667320251,
      0.14873294532299042,
      0.14393340051174164,
      0.13428384065628052,
      0.1328529715538025,
      0.12936116755008698,
      0.12686093151569366
    ],
    "train_acc": [
      45.448,
      64.89,
      72.84,
      77.904,
      81.294,
      83.746,
      86.2,
      88.014,
      89.444,
      90.672,
      91.664,
      92.312,
      93.138,
      93.618,
      94.232,
      94.472,
      94.708,
      95.016,
      95.082,
      95.292,
      95.51,
      95.534,
      95.798,
      95.894
    ],
    "test_loss": [
      1.0721884965896606,
      0.8372796177864075,
      0.7825092077255249,
      0.69764244556427,
      0.7036060690879822,
      0.6744063496589661,
      0.7862623929977417,
      0.6390583515167236,
      0.7141861319541931,
      0.6725909113883972,
      0.7264633178710938,
      0.6934067606925964,
      0.6957212090492249,
      0.7277421951293945,
      0.661658763885498,
      0.7330605387687683,
      0.7606411576271057,
      0.8270804286003113,
      0.7639483213424683,
      0.7702670097351074,
      0.8938043117523193,
      0.7817909121513367,
      0.7655498385429382,
      0.7783958315849304
    ],
    "test_acc": [
      63.47,
      71.14,
      73.11,
      76.42,
      76.4,
      77.57,
      74.35,
      78.97,
      77.93,
      78.6,
      77.47,
      78.35,
      78.66,
      78.17,
      79.34,
      78.54,
      77.22,
      76.18,
      77.75,
      77.62,
      75.21,
      77.21,
      78.04,
      78.05
    ]
  }
}