{
  "config": {
    "run_name": "exp2_L2_K-64-128-256-512_1",
    "out_dir": "./results",
    "seed": 42,
    "bs_train": 100,
    "bs_test": 25,
    "batches": 500,
    "epochs": 90,
    "early_stopping": 12,
    "checkpoints": null,
    "lr": 0.0006,
    "reg": 0.001,
    "filters_per_layer": [
      64,
      128,
      256,
      512
    ],
    "layers_per_block": 2,
    "pool_every": 2,
    "hidden_dims": [
      100
    ],
    "ycn": true,
    "kw": {}
  },
  "results": {
    "num_epochs": 0,
    "train_loss": [
      1.4750475883483887,
      0.9295234680175781,
      0.7271473407745361,
      0.6027267575263977,
      0.5357993841171265,
      0.4641118347644806,
      0.41475439071655273,
      0.3741377294063568,
      0.3394179344177246,
      0.31326061487197876,
      0.2938653528690338,
      0.26646798849105835,
      0.25602397322654724,
      0.23959381878376007,
      0.22433263063430786,
      0.2165202796459198,
      0.2057385891675949,
      0.1979522854089737,
      0.1879950910806656,
      0.18804360926151276,
      0.18011972308158875,
      0.1718520075082779,
      0.17281168699264526,
      0.16467571258544922,
      0.1632065325975418,
      0.1605851799249649,
      0.15987266600131989,
      0.15263578295707703
    ],
    "train_acc": [
      45.846,
      68.494,
      76.148,
      80.356,
      82.662,
      85.062,
      86.494,
      87.814,
      88.958,
      89.792,
      90.45,
      91.252,
      91.552,
      92.166,
      92.634,
      92.966,
      93.226,
      93.602,
      93.832,
      93.854,
      94.248,
      94.32,
      94.412,
      94.576,
      94.668,
      94.764,
      94.77,
      94.93
    ],
    "test_loss": [
      1.0069252252578735,
      0.8047131896018982,
      0.698114812374115,
      0.6399336457252502,
      0.5711508393287659,
      0.5298391580581665,
      0.5391167998313904,
      0.5254175662994385,
      0.5142036080360413,
      0.5011565089225769,
      0.4801412522792816,
      0.5487003326416016,
      0.509882390499115,
      0.5073726177215576,
      0.4709668755531311,
      0.46549278497695923,
      0.4835442304611206,
      0.4738098084926605,
      0.6072653532028198,
      0.4973023533821106,
      0.5387331247329712,
      0.5014599561691284,
      0.46854010224342346,
      0.49114981293678284,
      0.537670373916626,
      0.4557882249355316,
      0.5499020218849182,
      0.5277881026268005
    ],
    "test_acc": [
      63.99,
      72.72,
      76.46,
      78.55,
      81.04,
      82.32,
      82.4,
      82.69,
      82.48,
      83.62,
      84.0,
      81.86,
      83.14,
      83.63,
      84.75,
      85.18,
      84.44,
      84.63,
      81.27,
      84.11,
      82.92,
      84.39,
      85.13,
      84.72,
      83.39,
      85.09,
      82.62,
      83.72
    ]
  }
}