{
  "config": {
    "run_name": "exp2_L2_K-64-128-256",
    "out_dir": "./results",
    "seed": 42,
    "bs_train": 50,
    "bs_test": 12,
    "batches": 1000,
    "epochs": 90,
    "early_stopping": 12,
    "checkpoints": null,
    "lr": 0.0006,
    "reg": 0.001,
    "filters_per_layer": [
      64,
      128,
      256
    ],
    "layers_per_block": 2,
    "pool_every": 3,
    "hidden_dims": [
      100
    ],
    "ycn": true,
    "kw": {}
  },
  "results": {
    "num_epochs": 0,
    "train_loss": [
      1.6511411666870117,
      1.2450456619262695,
      1.042091727256775,
      0.9377326369285583,
      0.8291708827018738,
      0.7172127962112427,
      0.6167398691177368,
      0.5489376187324524,
      0.49185776710510254,
      0.44747793674468994,
      0.41214388608932495,
      0.38222751021385193,
      0.3523743152618408,
      0.33540043234825134,
      0.3153688311576843,
      0.30040332674980164,
      0.2902193069458008,
      0.27937284111976624,
      0.2637162506580353,
      0.2576597332954407,
      0.2515873312950134,
      0.2436789721250534,
      0.23726947605609894,
      0.22843682765960693,
      0.2293771356344223,
      0.22696708142757416,
      0.2214287966489792,
      0.21878980100154877,
      0.21304701268672943,
      0.21102020144462585,
      0.2097935974597931,
      0.207744300365448,
      0.19929541647434235,
      0.20576699078083038,
      0.19968463480472565,
      0.1956752985715866,
      0.19825305044651031,
      0.19906501471996307,
      0.19457708299160004,
      0.1890230029821396,
      0.18944132328033447,
      0.1916378140449524,
      0.1882227212190628,
      0.18564000725746155,
      0.19027391076087952,
      0.18195095658302307,
      0.18677528202533722,
      0.18400254845619202,
      0.183200865983963,
      0.17874722182750702,
      0.1815052479505539,
      0.18073752522468567,
      0.1800265610218048,
      0.17121636867523193,
      0.1774826943874359,
      0.17840799689292908,
      0.1744554191827774,
      0.17854546010494232,
      0.1748882383108139,
      0.17279036343097687,
      0.17514961957931519,
      0.1699068546295166,
      0.17396914958953857,
      0.17109210789203644,
      0.17288516461849213,
      0.173952117562294,
      0.16861821711063385,
      0.17200109362602234,
      0.17234407365322113,
      0.17277565598487854,
      0.17183008790016174,
      0.16424909234046936,
      0.17076602578163147,
      0.16732096672058105,
      0.1658848077058792,
      0.16827142238616943,
      0.16445541381835938,
      0.16414731740951538,
      0.1638990342617035,
      0.16711461544036865,
      0.16824758052825928,
      0.1636214554309845,
      0.16305068135261536,
      0.1672583371400833
    ],
    "train_acc": [
      39.454,
      54.24,
      62.11,
      65.906,
      70.776,
      74.956,
      78.78,
      81.056,
      82.94,
      84.608,
      85.566,
      86.834,
      87.69,
      88.416,
      89.006,
      89.518,
      89.96,
      90.012,
      90.854,
      90.996,
      91.224,
      91.538,
      91.764,
      92.06,
      91.95,
      92.112,
      92.268,
      92.484,
      92.69,
      92.652,
      92.82,
      92.788,
      93.166,
      92.874,
      93.172,
      93.32,
      93.142,
      93.208,
      93.258,
      93.448,
      93.302,
      93.524,
      93.52,
      93.544,
      93.524,
      93.816,
      93.506,
      93.77,
      93.536,
      93.852,
      93.636,
      93.898,
      93.762,
      94.068,
      93.954,
      94.046,
      94.03,
      93.898,
      93.992,
      94.048,
      93.918,
      94.128,
      94.08,
      94.066,
      94.236,
      93.978,
      94.268,
      94.13,
      94.148,
      94.088,
      94.086,
      94.34,
      94.106,
      94.272,
      94.334,
      94.246,
      94.392,
      94.378,
      94.514,
      94.38,
      94.33,
      94.386,
      94.418,
      94.222
    ],
    "test_loss": [
      1.313817024230957,
      1.0120351314544678,
      0.8755753040313721,
      0.7740504145622253,
      0.7380647659301758,
      0.6395959854125977,
      0.6077547669410706,
      0.5960015058517456,
      0.6154841184616089,
      0.5442180037498474,
      0.5284226536750793,
      0.528220534324646,
      0.5267283320426941,
      0.5164459943771362,
      0.5090834498405457,
      0.5141901969909668,
      0.4970662593841553,
      0.5191243886947632,
      0.4873587191104889,
      0.5056148767471313,
      0.49493032693862915,
      0.527960479259491,
      0.4985247850418091,
      0.5337464213371277,
      0.5383548736572266,
      0.4905927777290344,
      0.5208352208137512,
      0.4879167675971985,
      0.4894474744796753,
      0.48352187871932983,
      0.5138850212097168,
      0.5232240557670593,
      0.4997642934322357,
      0.505366325378418,
      0.505146861076355,
      0.4849891662597656,
      0.4973657727241516,
      0.49828818440437317,
      0.4964021146297455,
      0.5254424214363098,
      0.585951566696167,
      0.5373387932777405,
      0.5305471420288086,
      0.48836836218833923,
      0.5128828883171082,
      0.49535244703292847,
      0.5112025737762451,
      0.506130576133728,
      0.5242226719856262,
      0.5172233581542969,
      0.48044395446777344,
      0.5180688500404358,
      0.5645554661750793,
      0.4926290512084961,
      0.5460925102233887,
      0.5133776664733887,
      0.5116158127784729,
      0.505895733833313,
      0.5081247687339783,
      0.5013766884803772,
      0.4785046875476837,
      0.5035508275032043,
      0.5078696012496948,
      0.5260254144668579,
      0.5006552934646606,
      0.4856739044189453,
      0.5458090901374817,
      0.5010079145431519,
      0.5318952798843384,
      0.4973892867565155,
      0.4914577603340149,
      0.527012288570404,
      0.5085097551345825,
      0.5282552242279053,
      0.533799409866333,
      0.5303472280502319,
      0.49147921800613403,
      0.49535515904426575,
      0.5485997200012207,
      0.5678036212921143,
      0.497334361076355,
      0.4867604672908783,
      0.492412269115448,
      0.4949823319911957
    ],
    "test_acc": [
      53.71,
      66.06,
      71.31,
      74.22,
      75.52,
      78.53,
      79.53,
      79.81,
      79.0,
      81.27,
      81.95,
      81.79,
      82.71,
      83.07,
      83.04,
      82.89,
      83.49,
      82.94,
      83.38,
      82.99,
      83.51,
      82.74,
      83.28,
      82.79,
      82.91,
      84.1,
      82.82,
      83.74,
      84.07,
      84.14,
      83.42,
      83.25,
      83.54,
      83.56,
      83.45,
      84.34,
      83.78,
      84.29,
      84.04,
      83.35,
      82.34,
      82.97,
      83.21,
      84.48,
      84.15,
      84.27,
      83.8,
      83.88,
      83.77,
      83.91,
      84.51,
      83.98,
      82.77,
      84.41,
      83.43,
      84.18,
      83.73,
      84.16,
      84.21,
      84.55,
      84.69,
      83.61,
      84.53,
      84.0,
      84.67,
      84.86,
      83.78,
      84.41,
      83.53,
      83.97,
      85.0,
      83.8,
      84.36,
      83.56,
      83.18,
      83.81,
      84.41,
      84.68,
      83.05,
      82.98,
      84.54,
      84.54,
      84.87,
      84.27
    ]
  }
}