{
  "config": {
    "run_name": "exp2_L6_K-64-128-256-512_4",
    "out_dir": "./results",
    "seed": 42,
    "bs_train": 100,
    "bs_test": 25,
    "batches": 500,
    "epochs": 90,
    "early_stopping": 18,
    "checkpoints": null,
    "lr": 0.0007,
    "reg": 0.001,
    "filters_per_layer": [
      64,
      128,
      256,
      512
    ],
    "layers_per_block": 6,
    "pool_every": 5,
    "hidden_dims": [
      100
    ],
    "ycn": true,
    "kw": {}
  },
  "results": {
    "num_epochs": 0,
    "train_loss": [
      1.7248612642288208,
      1.1467441320419312,
      0.8923808932304382,
      0.7640804648399353,
      0.6832094788551331,
      0.6215691566467285,
      0.5714064836502075,
      0.5308592915534973,
      0.4995521903038025,
      0.4695242643356323,
      0.4507368803024292,
      0.4268820881843567,
      0.410288006067276,
      0.3944685161113739,
      0.3817264139652252,
      0.37063467502593994,
      0.3529092073440552,
      0.34269142150878906,
      0.33475634455680847,
      0.325388103723526,
      0.31864917278289795,
      0.3085501194000244,
      0.30527353286743164,
      0.3016703128814697,
      0.2951417565345764,
      0.2942414879798889,
      0.28308817744255066,
      0.28325897455215454,
      0.27449414134025574,
      0.26911094784736633,
      0.27113670110702515,
      0.26708361506462097,
      0.2652401030063629,
      0.2581484913825989,
      0.25878116488456726,
      0.25255274772644043,
      0.2535098195075989,
      0.24949583411216736,
      0.2540127635002136,
      0.24471090734004974,
      0.24562004208564758,
      0.24630188941955566,
      0.24269719421863556,
      0.2395378202199936,
      0.2353074550628662,
      0.23832416534423828,
      0.22942772507667542,
      0.23347856104373932,
      0.2346477061510086,
      0.23115293681621552,
      0.22899046540260315,
      0.22919008135795593,
      0.22945255041122437,
      0.2247200608253479,
      0.22452117502689362,
      0.22182320058345795,
      0.22628434002399445,
      0.21863889694213867,
      0.21988195180892944,
      0.21966734528541565
    ],
    "train_acc": [
      36.182,
      59.302,
      68.836,
      73.432,
      76.406,
      78.692,
      80.404,
      81.848,
      82.86,
      83.916,
      84.502,
      85.254,
      85.858,
      86.36,
      86.756,
      87.106,
      87.85,
      88.078,
      88.372,
      88.832,
      88.986,
      89.188,
      89.474,
      89.562,
      89.58,
      89.758,
      90.046,
      90.046,
      90.446,
      90.612,
      90.576,
      90.816,
      90.666,
      90.928,
      90.998,
      91.148,
      91.072,
      91.338,
      91.13,
      91.41,
      91.4,
      91.422,
      91.498,
      91.6,
      91.788,
      91.68,
      92.044,
      91.904,
      91.784,
      91.99,
      92.084,
      91.988,
      91.93,
      92.236,
      92.076,
      92.09,
      92.08,
      92.35,
      92.328,
      92.284
    ],
    "test_loss": [
      1.2604284286499023,
      0.9181206822395325,
      0.7927428483963013,
      0.7804874181747437,
      0.7506351470947266,
      0.6907781958580017,
      0.6677260398864746,
      0.6212562918663025,
      0.6378985643386841,
      0.6141228079795837,
      0.5463542342185974,
      0.5364790558815002,
      0.5866681337356567,
      0.49742746353149414,
      0.5040407180786133,
      0.5087575316429138,
      0.516733705997467,
      0.5013390779495239,
      0.49007365107536316,
      0.45982038974761963,
      0.5096346735954285,
      0.47695213556289673,
      0.4590730667114258,
      0.5218619704246521,
      0.448358416557312,
      0.4593880772590637,
      0.48421818017959595,
      0.46387213468551636,
      0.44011053442955017,
      0.5107150673866272,
      0.458648145198822,
      0.454074889421463,
      0.46318477392196655,
      0.4394862949848175,
      0.5504616498947144,
      0.42655906081199646,
      0.4681488275527954,
      0.4265969395637512,
      0.43044111132621765,
      0.4465149939060211,
      0.45471376180648804,
      0.3986789882183075,
      0.5194594264030457,
      0.43778833746910095,
      0.4905012845993042,
      0.4486480951309204,
      0.43504443764686584,
      0.4415132403373718,
      0.4250873923301697,
      0.4210561513900757,
      0.42620202898979187,
      0.446517676115036,
      0.46618619561195374,
      0.42082083225250244,
      0.44027572870254517,
      0.42747172713279724,
      0.417816162109375,
      0.43803513050079346,
      0.433790385723114,
      0.43505942821502686
    ],
    "test_acc": [
      54.64,
      67.35,
      72.66,
      73.25,
      74.5,
      76.52,
      77.51,
      79.11,
      78.39,
      79.16,
      81.46,
      82.06,
      80.01,
      83.14,
      82.9,
      82.46,
      82.36,
      83.15,
      83.66,
      84.43,
      82.74,
      84.19,
      84.6,
      82.48,
      84.96,
      84.51,
      83.84,
      84.45,
      85.07,
      82.91,
      84.95,
      85.11,
      84.95,
      85.47,
      82.04,
      85.44,
      84.72,
      85.75,
      85.83,
      85.3,
      85.33,
      86.93,
      83.55,
      85.49,
      84.49,
      85.43,
      85.88,
      85.37,
      85.94,
      86.32,
      85.72,
      84.7,
      85.28,
      86.24,
      85.65,
      86.03,
      86.21,
      86.05,
      85.66,
      85.89
    ]
  }
}