{
  "config": {
    "run_name": "exp2_L1_K-64-128-256",
    "out_dir": "./results",
    "seed": 42,
    "bs_train": 50,
    "bs_test": 12,
    "batches": 1000,
    "epochs": 90,
    "early_stopping": 9,
    "checkpoints": null,
    "lr": 0.0006,
    "reg": 0.001,
    "filters_per_layer": [
      64,
      128,
      256
    ],
    "layers_per_block": 1,
    "pool_every": 1,
    "hidden_dims": [
      100
    ],
    "ycn": true,
    "kw": {}
  },
  "results": {
    "num_epochs": 0,
    "train_loss": [
      1.462702751159668,
      1.0838658809661865,
      0.9194375276565552,
      0.8089927434921265,
      0.7178711891174316,
      0.6454371213912964,
      0.576498806476593,
      0.5302972197532654,
      0.4909307658672333,
      0.4593101739883423,
      0.4304521977901459,
      0.40724799036979675,
      0.38360995054244995,
      0.3690575957298279,
      0.35498738288879395,
      0.343220055103302,
      0.3268973231315613,
      0.31915199756622314,
      0.31095051765441895,
      0.30357617139816284,
      0.2914649248123169,
      0.28939297795295715,
      0.28146231174468994,
      0.2802032232284546,
      0.27261021733283997,
      0.2676544189453125,
      0.2650933861732483,
      0.26208198070526123,
      0.2546546459197998,
      0.25139304995536804,
      0.2509723901748657,
      0.24656981229782104,
      0.2438114732503891,
      0.2462209314107895,
      0.2417309284210205,
      0.23959793150424957
    ],
    "train_acc": [
      45.844,
      61.02,
      67.518,
      71.898,
      75.224,
      77.97,
      80.282,
      81.924,
      83.29,
      84.134,
      85.256,
      86.024,
      86.766,
      87.35,
      87.688,
      88.132,
      88.744,
      89.094,
      89.35,
      89.506,
      89.9,
      89.87,
      90.316,
      90.3,
      90.776,
      90.834,
      90.914,
      91.062,
      91.328,
      91.232,
      91.37,
      91.484,
      91.546,
      91.532,
      91.736,
      91.778
    ],
    "test_loss": [
      1.1061725616455078,
      0.9732459783554077,
      0.871100664138794,
      0.8337015509605408,
      0.753754198551178,
      0.6616412997245789,
      0.7112573981285095,
      0.6299041509628296,
      0.5895015001296997,
      0.6141822338104248,
      0.6338949799537659,
      0.5883211493492126,
      0.6085778474807739,
      0.5890516042709351,
      0.5942042469978333,
      0.5701108574867249,
      0.6506524682044983,
      0.5855579376220703,
      0.6287059783935547,
      0.5747233033180237,
      0.5874947905540466,
      0.5823484063148499,
      0.6000357270240784,
      0.6023305654525757,
      0.5984015464782715,
      0.5802226662635803,
      0.584855854511261,
      0.5937785506248474,
      0.5716369152069092,
      0.594200074672699,
      0.5827013850212097,
      0.6091472506523132,
      0.6664094924926758,
      0.5688190460205078,
      0.6126786470413208,
      0.5758702158927917
    ],
    "test_acc": [
      61.41,
      66.41,
      70.46,
      71.76,
      74.26,
      77.2,
      75.41,
      78.27,
      79.97,
      79.02,
      78.1,
      79.88,
      79.19,
      80.05,
      79.67,
      80.81,
      78.52,
      80.07,
      78.8,
      80.8,
      80.27,
      80.25,
      80.05,
      79.61,
      80.04,
      81.0,
      80.75,
      80.39,
      80.64,
      80.44,
      80.69,
      80.54,
      78.4,
      80.97,
      79.89,
      80.97
    ]
  }
}