{
  "config": {
    "run_name": "exp2_L4_K-64-128-256-512_1",
    "out_dir": "./results",
    "seed": 42,
    "bs_train": 100,
    "bs_test": 25,
    "batches": 500,
    "epochs": 90,
    "early_stopping": 18,
    "checkpoints": null,
    "lr": 0.0006,
    "reg": 0.001,
    "filters_per_layer": [
      64,
      128,
      256,
      512
    ],
    "layers_per_block": 4,
    "pool_every": 3,
    "hidden_dims": [
      100
    ],
    "ycn": true,
    "kw": {}
  },
  "results": {
    "num_epochs": 0,
    "train_loss": [
      1.4202097654342651,
      0.8604943156242371,
      0.6795325875282288,
      0.5694388747215271,
      0.501454770565033,
      0.4508579671382904,
      0.4046650230884552,
      0.3701936602592468,
      0.3433552086353302,
      0.31642284989356995,
      0.2951924502849579,
      0.27416449785232544,
      0.2617698013782501,
      0.2476940006017685,
      0.2303411066532135,
      0.21945947408676147,
      0.21810995042324066,
      0.21021045744419098,
      0.1957440823316574,
      0.18981297314167023,
      0.19015057384967804,
      0.17912840843200684,
      0.174981027841568,
      0.17118430137634277,
      0.16926565766334534,
      0.1595708429813385,
      0.16393877565860748,
      0.15318672358989716,
      0.15771721303462982,
      0.15305760502815247,
      0.1540580838918686,
      0.14798428118228912,
      0.14581528306007385,
      0.1462518274784088,
      0.13993801176548004,
      0.14422470331192017,
      0.135795459151268,
      0.13635310530662537,
      0.1386333554983139,
      0.1337592899799347,
      0.13865138590335846,
      0.13692131638526917,
      0.1284877210855484,
      0.13830815255641937,
      0.13246071338653564,
      0.13121196627616882,
      0.130733922123909,
      0.1307624727487564,
      0.1281771957874298,
      0.12980951368808746,
      0.12551046907901764,
      0.12883484363555908,
      0.12653416395187378
    ],
    "train_acc": [
      48.322,
      70.618,
      77.42,
      81.094,
      83.492,
      85.32,
      86.676,
      87.864,
      88.514,
      89.624,
      90.19,
      90.944,
      91.356,
      91.802,
      92.41,
      92.676,
      92.704,
      93.012,
      93.552,
      93.788,
      93.762,
      94.1,
      94.154,
      94.306,
      94.394,
      94.722,
      94.632,
      94.91,
      94.824,
      94.93,
      94.982,
      95.168,
      95.134,
      95.152,
      95.464,
      95.212,
      95.48,
      95.492,
      95.434,
      95.552,
      95.434,
      95.61,
      95.874,
      95.482,
      95.7,
      95.778,
      95.688,
      95.69,
      95.888,
      95.67,
      95.908,
      95.804,
      95.838
    ],
    "test_loss": [
      1.1282864809036255,
      0.8137351870536804,
      0.715451180934906,
      0.7195032238960266,
      0.6381276249885559,
      0.5930910706520081,
      0.514306902885437,
      0.5221801400184631,
      0.48409900069236755,
      0.523001492023468,
      0.51329106092453,
      0.5065897703170776,
      0.49999645352363586,
      0.4943319261074066,
      0.501390278339386,
      0.5377376675605774,
      0.5199903845787048,
      0.466848224401474,
      0.5288076400756836,
      0.44740861654281616,
      0.44551244378089905,
      0.45416879653930664,
      0.4924743175506592,
      0.49960124492645264,
      0.473268985748291,
      0.5088745355606079,
      0.5023717880249023,
      0.45270854234695435,
      0.5576419234275818,
      0.5075571537017822,
      0.45559313893318176,
      0.443129301071167,
      0.5478094220161438,
      0.4734591841697693,
      0.4358506202697754,
      0.46751558780670166,
      0.5273517370223999,
      0.5007770657539368,
      0.4422951340675354,
      0.5282047390937805,
      0.5008492469787598,
      0.5104873776435852,
      0.5526500344276428,
      0.4853969216346741,
      0.5340214967727661,
      0.5428766012191772,
      0.4527105987071991,
      0.4523822069168091,
      0.5005049109458923,
      0.49482616782188416,
      0.49796023964881897,
      0.5518563985824585,
      0.46922793984413147
    ],
    "test_acc": [
      60.25,
      72.66,
      76.1,
      75.81,
      79.11,
      80.9,
      82.82,
      82.81,
      83.8,
      82.65,
      83.01,
      83.33,
      84.12,
      83.32,
      83.41,
      82.51,
      83.18,
      84.73,
      83.35,
      86.12,
      85.47,
      85.56,
      83.75,
      84.09,
      84.95,
      84.42,
      84.11,
      85.42,
      83.38,
      84.44,
      85.47,
      86.2,
      83.33,
      85.38,
      86.44,
      85.05,
      84.38,
      84.59,
      85.94,
      84.66,
      84.63,
      84.38,
      83.66,
      85.26,
      84.28,
      84.41,
      86.13,
      86.39,
      84.86,
      85.64,
      84.96,
      83.11,
      85.17
    ]
  }
}