{
  "config": {
    "run_name": "exp2_L3_K-64-128-256",
    "out_dir": "./results",
    "seed": 42,
    "bs_train": 50,
    "bs_test": 12,
    "batches": 1000,
    "epochs": 90,
    "early_stopping": 15,
    "checkpoints": null,
    "lr": 0.0006,
    "reg": 0.001,
    "filters_per_layer": [
      64,
      128,
      256
    ],
    "layers_per_block": 3,
    "pool_every": 3,
    "hidden_dims": [
      100
    ],
    "ycn": true,
    "kw": {}
  },
  "results": {
    "num_epochs": 0,
    "train_loss": [
      1.5713320970535278,
      1.115609884262085,
      0.9121974110603333,
      0.7813575863838196,
      0.6801257729530334,
      0.5916863083839417,
      0.5241861343383789,
      0.4748837947845459,
      0.43461546301841736,
      0.4022471010684967,
      0.37457433342933655,
      0.35112613439559937,
      0.3293815553188324,
      0.314944326877594,
      0.30136802792549133,
      0.28740549087524414,
      0.2843715250492096,
      0.26514196395874023,
      0.2561838626861572,
      0.2490869164466858,
      0.24571077525615692,
      0.24015429615974426,
      0.23213741183280945,
      0.23265057802200317,
      0.2257106602191925,
      0.22451044619083405,
      0.21981477737426758,
      0.21627680957317352,
      0.2095998227596283,
      0.21303248405456543,
      0.20816978812217712,
      0.20358064770698547,
      0.19654245674610138,
      0.19969864189624786,
      0.19797873497009277,
      0.1934940218925476,
      0.19611363112926483,
      0.18843655288219452,
      0.1874343901872635,
      0.18692560493946075,
      0.17992931604385376,
      0.1899597942829132,
      0.18339090049266815,
      0.1819249540567398,
      0.1802646517753601,
      0.17903867363929749,
      0.17688968777656555,
      0.17464643716812134,
      0.18046808242797852
    ],
    "train_acc": [
      40.338,
      59.63,
      68.334,
      73.282,
      77.186,
      80.208,
      82.458,
      84.346,
      85.676,
      86.552,
      87.436,
      88.218,
      88.972,
      89.498,
      89.862,
      90.362,
      90.584,
      91.022,
      91.34,
      91.664,
      91.78,
      91.968,
      92.248,
      92.128,
      92.42,
      92.486,
      92.576,
      92.76,
      93.0,
      92.91,
      93.056,
      93.142,
      93.424,
      93.242,
      93.39,
      93.622,
      93.562,
      93.79,
      93.814,
      93.756,
      93.89,
      93.642,
      93.826,
      93.81,
      93.942,
      94.062,
      94.022,
      94.088,
      93.9
    ],
    "test_loss": [
      1.2202693223953247,
      0.9578221440315247,
      0.7910085916519165,
      0.6837718486785889,
      0.6662655472755432,
      0.6326942443847656,
      0.5618860721588135,
      0.5085334777832031,
      0.5164332389831543,
      0.48249077796936035,
      0.6026630401611328,
      0.5217119455337524,
      0.4713987708091736,
      0.48462194204330444,
      0.5012855529785156,
      0.4811576306819916,
      0.48058804869651794,
      0.4722244143486023,
      0.4699009656906128,
      0.4549001157283783,
      0.4875142574310303,
      0.5070031881332397,
      0.4687710404396057,
      0.5236354470252991,
      0.5567127466201782,
      0.4694783687591553,
      0.4450128972530365,
      0.47363439202308655,
      0.518522322177887,
      0.4690098166465759,
      0.4577024579048157,
      0.45315906405448914,
      0.42886751890182495,
      0.4477232098579407,
      0.4738386869430542,
      0.46721601486206055,
      0.44232654571533203,
      0.4810774028301239,
      0.4633009433746338,
      0.4641387462615967,
      0.46615415811538696,
      0.4722362458705902,
      0.4453306496143341,
      0.5274373292922974,
      0.48229146003723145,
      0.46203064918518066,
      0.43240997195243835,
      0.4663439095020294,
      0.46074119210243225
    ],
    "test_acc": [
      58.04,
      67.85,
      73.12,
      76.8,
      77.78,
      78.53,
      81.18,
      83.19,
      83.08,
      83.81,
      80.04,
      82.41,
      84.18,
      84.09,
      83.58,
      84.26,
      84.23,
      84.3,
      84.67,
      84.92,
      84.11,
      83.87,
      84.83,
      83.6,
      82.79,
      85.0,
      85.4,
      84.93,
      83.8,
      85.04,
      85.45,
      85.62,
      86.5,
      85.65,
      85.0,
      85.55,
      86.2,
      84.75,
      85.28,
      85.27,
      85.55,
      85.56,
      85.93,
      83.5,
      85.17,
      85.5,
      86.31,
      85.5,
      85.5
    ]
  }
}