{
  "config": {
    "run_name": "exp2_L3_K-64-128-256-512_5",
    "out_dir": "./results",
    "seed": 42,
    "bs_train": 100,
    "bs_test": 25,
    "batches": 500,
    "epochs": 90,
    "early_stopping": 14,
    "checkpoints": null,
    "lr": 0.0007,
    "reg": 0.001,
    "filters_per_layer": [
      64,
      128,
      256,
      512
    ],
    "layers_per_block": 3,
    "pool_every": 3,
    "hidden_dims": [
      100
    ],
    "ycn": true,
    "kw": {}
  },
  "results": {
    "num_epochs": 0,
    "train_loss": [
      1.5665397644042969,
      0.9616119265556335,
      0.7521910667419434,
      0.6342206001281738,
      0.564073920249939,
      0.5065684914588928,
      0.4543134868144989,
      0.4177067279815674,
      0.38509660959243774,
      0.3579140603542328,
      0.3328271508216858,
      0.3117210865020752,
      0.29762697219848633,
      0.28318625688552856,
      0.2735942006111145,
      0.25832873582839966,
      0.2503355145454407,
      0.23539726436138153,
      0.23232345283031464,
      0.22369658946990967,
      0.21946406364440918,
      0.21325765550136566,
      0.21245834231376648,
      0.2088107317686081,
      0.2017979770898819,
      0.19749955832958221,
      0.19588395953178406,
      0.18815520405769348,
      0.18702822923660278,
      0.18491201102733612,
      0.1879943162202835,
      0.1809353083372116,
      0.1823255568742752,
      0.17996054887771606,
      0.1778867095708847,
      0.17781424522399902,
      0.17675264179706573,
      0.17048221826553345,
      0.17246346175670624,
      0.1757446974515915,
      0.1677733212709427,
      0.1769816130399704,
      0.16730570793151855,
      0.1688585728406906,
      0.16563822329044342,
      0.16612297296524048,
      0.16793763637542725,
      0.16317865252494812,
      0.16157735884189606,
      0.16797493398189545,
      0.15975052118301392,
      0.15889079868793488,
      0.16042035818099976,
      0.15975944697856903,
      0.1577814221382141,
      0.15492375195026398,
      0.1585436761379242,
      0.16050869226455688,
      0.15687993168830872,
      0.1533927470445633,
      0.1576550155878067
    ],
    "train_acc": [
      42.692,
      66.41,
      74.252,
      78.338,
      80.718,
      82.652,
      84.598,
      85.77,
      86.75,
      87.664,
      88.482,
      89.218,
      89.706,
      90.25,
      90.618,
      91.04,
      91.266,
      91.776,
      91.854,
      92.274,
      92.374,
      92.61,
      92.63,
      92.802,
      92.938,
      93.144,
      93.098,
      93.468,
      93.436,
      93.62,
      93.48,
      93.822,
      93.578,
      93.804,
      93.772,
      93.814,
      93.838,
      94.168,
      94.092,
      93.932,
      94.172,
      93.95,
      94.254,
      94.168,
      94.36,
      94.27,
      94.34,
      94.348,
      94.496,
      94.208,
      94.476,
      94.522,
      94.38,
      94.49,
      94.596,
      94.692,
      94.538,
      94.488,
      94.68,
      94.696,
      94.518
    ],
    "test_loss": [
      1.1412134170532227,
      0.8448386192321777,
      0.7213252782821655,
      0.685922384262085,
      0.6332998275756836,
      0.5977545976638794,
      0.529712438583374,
      0.6348623633384705,
      0.5487316250801086,
      0.5428845882415771,
      0.5486880540847778,
      0.5497410893440247,
      0.5496426820755005,
      0.5466642379760742,
      0.46751198172569275,
      0.46291154623031616,
      0.5248754620552063,
      0.4672289490699768,
      0.46320319175720215,
      0.44704073667526245,
      0.5707034468650818,
      0.4969318211078644,
      0.46177586913108826,
      0.4345056414604187,
      0.4415122866630554,
      0.5138447880744934,
      0.46869024634361267,
      0.46562105417251587,
      0.45041534304618835,
      0.4903821051120758,
      0.44710493087768555,
      0.5175610184669495,
      0.44481635093688965,
      0.4986409544944763,
      0.46638283133506775,
      0.511457622051239,
      0.460513174533844,
      0.41745585203170776,
      0.4669495224952698,
      0.4759349822998047,
      0.47178804874420166,
      0.4432174265384674,
      0.503560483455658,
      0.4128216803073883,
      0.4804055392742157,
      0.4561619162559509,
      0.41943755745887756,
      0.43082812428474426,
      0.4972105026245117,
      0.43480223417282104,
      0.4627315104007721,
      0.44311484694480896,
      0.41842544078826904,
      0.5184539556503296,
      0.4252341091632843,
      0.4433571398258209,
      0.46229326725006104,
      0.4133843779563904,
      0.44962894916534424,
      0.4494408369064331,
      0.458261638879776
    ],
    "test_acc": [
      60.14,
      70.3,
      75.37,
      76.31,
      78.37,
      79.65,
      81.94,
      77.77,
      81.27,
      81.48,
      81.77,
      81.57,
      81.8,
      82.09,
      84.24,
      84.72,
      82.62,
      84.08,
      84.84,
      85.1,
      82.16,
      83.97,
      85.21,
      85.61,
      85.56,
      84.22,
      85.38,
      85.28,
      85.88,
      84.58,
      85.4,
      83.91,
      85.41,
      84.42,
      85.44,
      83.9,
      85.5,
      86.76,
      85.39,
      85.62,
      85.31,
      86.1,
      84.91,
      86.84,
      85.12,
      85.97,
      87.3,
      86.04,
      85.38,
      86.25,
      85.24,
      85.81,
      86.74,
      84.18,
      86.05,
      86.65,
      85.56,
      87.13,
      86.24,
      86.1,
      85.81
    ]
  }
}