{
  "config": {
    "run_name": "exp2_L2_K-64-128-256-512",
    "out_dir": "./results",
    "seed": 42,
    "bs_train": 100,
    "bs_test": 25,
    "batches": 500,
    "epochs": 90,
    "early_stopping": 12,
    "checkpoints": null,
    "lr": 0.0003,
    "reg": 0.001,
    "filters_per_layer": [
      64,
      128,
      256,
      512
    ],
    "layers_per_block": 2,
    "pool_every": 2,
    "hidden_dims": [
      100
    ],
    "ycn": true,
    "kw": {}
  },
  "results": {
    "num_epochs": 0,
    "train_loss": [
      1.357615351676941,
      0.84475177526474,
      0.64596027135849,
      0.5277671217918396,
      0.4420919418334961,
      0.3705546259880066,
      0.32239067554473877,
      0.27841848134994507,
      0.24786849319934845,
      0.21253325045108795,
      0.2008846551179886,
      0.17770984768867493,
      0.1613881140947342,
      0.1441890448331833,
      0.13841374218463898,
      0.1293528825044632,
      0.12688492238521576,
      0.11873484402894974,
      0.11443746089935303,
      0.11030217260122299,
      0.10567224770784378,
      0.09941986948251724,
      0.10536232590675354,
      0.09644562005996704,
      0.09344585984945297,
      0.0907224640250206,
      0.0897296816110611,
      0.08790568262338638,
      0.08773089945316315,
      0.091057687997818,
      0.08837173134088516,
      0.08004273474216461,
      0.08354033529758453,
      0.08233463764190674,
      0.0831059068441391,
      0.07845138758420944,
      0.08195959776639938,
      0.08037211745977402,
      0.0765320435166359,
      0.07537613809108734,
      0.07583733648061752,
      0.07563159614801407
    ],
    "train_acc": [
      51.216,
      71.226,
      78.344,
      82.6,
      85.542,
      87.808,
      89.452,
      90.874,
      91.822,
      93.01,
      93.432,
      94.128,
      94.71,
      95.222,
      95.378,
      95.818,
      95.948,
      96.116,
      96.254,
      96.454,
      96.498,
      96.776,
      96.534,
      96.916,
      96.98,
      97.062,
      97.12,
      97.128,
      97.15,
      97.03,
      97.154,
      97.464,
      97.238,
      97.322,
      97.204,
      97.556,
      97.29,
      97.382,
      97.554,
      97.618,
      97.476,
      97.592
    ],
    "test_loss": [
      0.9499267935752869,
      0.7595598697662354,
      0.6731554865837097,
      0.6114919781684875,
      0.5725019574165344,
      0.5145615339279175,
      0.6211317181587219,
      0.5923604965209961,
      0.5268039107322693,
      0.569667398929596,
      0.6144952774047852,
      0.6202271580696106,
      0.555920422077179,
      0.5371186137199402,
      0.565398097038269,
      0.6251043081283569,
      0.5462219715118408,
      0.5483829975128174,
      0.5637372732162476,
      0.5410773158073425,
      0.6166965961456299,
      0.5675697922706604,
      0.530650794506073,
      0.5509690642356873,
      0.5910173058509827,
      0.5560596585273743,
      0.5895946025848389,
      0.5114438533782959,
      0.5474749803543091,
      0.5087242126464844,
      0.5109297037124634,
      0.5813502669334412,
      0.5533027052879333,
      0.5427068471908569,
      0.5422908663749695,
      0.5226017236709595,
      0.5255936980247498,
      0.525086522102356,
      0.5257072448730469,
      0.5346401333808899,
      0.5128331780433655,
      0.5323237776756287
    ],
    "test_acc": [
      66.3,
      74.42,
      77.48,
      79.21,
      80.94,
      82.5,
      80.29,
      81.5,
      83.21,
      82.41,
      81.51,
      81.54,
      83.39,
      83.72,
      83.47,
      82.06,
      83.97,
      83.4,
      82.81,
      84.17,
      82.65,
      83.57,
      84.42,
      83.85,
      83.41,
      84.12,
      83.83,
      84.81,
      84.48,
      85.28,
      85.14,
      83.65,
      83.99,
      84.03,
      84.28,
      84.95,
      85.14,
      84.89,
      84.85,
      84.88,
      85.09,
      84.47
    ]
  }
}