{
  "config": {
    "run_name": "exp2_L4_K-64-128-256-512",
    "out_dir": "./results",
    "seed": 42,
    "bs_train": 100,
    "bs_test": 25,
    "batches": 500,
    "epochs": 90,
    "early_stopping": 18,
    "checkpoints": null,
    "lr": 0.0003,
    "reg": 0.001,
    "filters_per_layer": [
      64,
      128,
      256,
      512
    ],
    "layers_per_block": 4,
    "pool_every": 3,
    "hidden_dims": [
      100
    ],
    "ycn": true,
    "kw": {}
  },
  "results": {
    "num_epochs": 0,
    "train_loss": [
      1.4180995225906372,
      0.8587262630462646,
      0.6629571318626404,
      0.546144962310791,
      0.46522432565689087,
      0.40137985348701477,
      0.35028499364852905,
      0.31168627738952637,
      0.2682859003543854,
      0.24746569991111755,
      0.21521158516407013,
      0.20559939742088318,
      0.18317481875419617,
      0.1698814034461975,
      0.1582396924495697,
      0.14374901354312897,
      0.1408412754535675,
      0.13188377022743225,
      0.12220261245965958,
      0.11922351270914078,
      0.11236567050218582,
      0.11012514680624008,
      0.10777216404676437,
      0.10453140735626221,
      0.10001368075609207,
      0.10077104717493057,
      0.09607060998678207,
      0.09164956212043762,
      0.09526176005601883,
      0.0932139977812767,
      0.08989647775888443,
      0.08757010847330093,
      0.08601061999797821,
      0.09137318283319473,
      0.08628485351800919,
      0.08634606003761292,
      0.08216853439807892,
      0.08028557896614075,
      0.08147080987691879,
      0.08071175962686539,
      0.0800894945859909,
      0.08523619920015335,
      0.07761924713850021,
      0.07803424447774887,
      0.07817772030830383,
      0.07928712666034698,
      0.07602530717849731,
      0.07210652530193329,
      0.07604481279850006,
      0.08061005175113678,
      0.07235045731067657,
      0.07657843828201294,
      0.07185163348913193,
      0.07343678176403046,
      0.07561002671718597,
      0.07127077132463455,
      0.07238571345806122,
      0.07398742437362671,
      0.07082198560237885,
      0.07114386558532715,
      0.07122122496366501,
      0.07131513208150864,
      0.07322754710912704,
      0.06984390318393707,
      0.06941652297973633,
      0.066593699157238,
      0.06925404816865921,
      0.06447794288396835,
      0.07130832970142365,
      0.07173080742359161,
      0.06787291169166565,
      0.06719435006380081,
      0.07137658447027206,
      0.06552824378013611,
      0.06810615956783295,
      0.06722912937402725
    ],
    "train_acc": [
      48.796,
      70.802,
      77.796,
      81.858,
      84.562,
      86.782,
      88.474,
      89.698,
      91.154,
      91.836,
      92.888,
      93.188,
      93.96,
      94.414,
      94.74,
      95.33,
      95.428,
      95.718,
      95.96,
      96.07,
      96.388,
      96.348,
      96.476,
      96.6,
      96.794,
      96.704,
      96.834,
      96.978,
      96.878,
      97.0,
      97.124,
      97.138,
      97.22,
      97.002,
      97.096,
      97.194,
      97.314,
      97.342,
      97.408,
      97.402,
      97.438,
      97.214,
      97.496,
      97.464,
      97.452,
      97.442,
      97.512,
      97.674,
      97.49,
      97.354,
      97.666,
      97.578,
      97.726,
      97.65,
      97.568,
      97.78,
      97.75,
      97.648,
      97.728,
      97.744,
      97.74,
      97.73,
      97.6,
      97.744,
      97.754,
      97.912,
      97.756,
      97.968,
      97.718,
      97.766,
      97.866,
      97.802,
      97.652,
      97.916,
      97.946,
      97.874
    ],
    "test_loss": [
      1.045157790184021,
      0.7889900207519531,
      0.780868649482727,
      0.6010449528694153,
      0.5758323073387146,
      0.5742068290710449,
      0.5579825043678284,
      0.53236985206604,
      0.5632349252700806,
      0.5836509466171265,
      0.5792731642723083,
      0.6126689910888672,
      0.5942915678024292,
      0.5988093614578247,
      0.5427916646003723,
      0.5454089045524597,
      0.5453290939331055,
      0.5251404643058777,
      0.5522422194480896,
      0.5370327234268188,
      0.524906575679779,
      0.5316296815872192,
      0.4946046769618988,
      0.5630317330360413,
      0.5690960884094238,
      0.5512165427207947,
      0.5664052367210388,
      0.5507957935333252,
      0.539277970790863,
      0.552583634853363,
      0.550976574420929,
      0.5696391463279724,
      0.5175380706787109,
      0.5270448327064514,
      0.5652004480361938,
      0.5649194121360779,
      0.564183235168457,
      0.5251325964927673,
      0.5454337000846863,
      0.596466600894928,
      0.5462366938591003,
      0.49829748272895813,
      0.5088579058647156,
      0.5710128545761108,
      0.5078020691871643,
      0.5860239863395691,
      0.49096766114234924,
      0.5664430856704712,
      0.507797360420227,
      0.576199471950531,
      0.5417888164520264,
      0.5497939586639404,
      0.5716871619224548,
      0.5444840788841248,
      0.4995109736919403,
      0.5305718183517456,
      0.48591887950897217,
      0.46941110491752625,
      0.5377209186553955,
      0.5663940906524658,
      0.5334300398826599,
      0.5714406967163086,
      0.5182206034660339,
      0.5410203337669373,
      0.5984776020050049,
      0.5529583692550659,
      0.5436766743659973,
      0.5573066473007202,
      0.507581353187561,
      0.5700668692588806,
      0.528031051158905,
      0.5100789070129395,
      0.5452520251274109,
      0.5289971232414246,
      0.507472574710846,
      0.5715612173080444
    ],
    "test_acc": [
      63.0,
      73.04,
      73.6,
      80.25,
      80.48,
      81.08,
      81.56,
      82.58,
      82.04,
      81.33,
      81.99,
      80.72,
      82.12,
      81.71,
      82.97,
      83.36,
      83.59,
      84.17,
      84.36,
      84.23,
      84.05,
      84.9,
      85.13,
      83.61,
      83.83,
      84.31,
      84.37,
      84.8,
      84.77,
      84.35,
      84.27,
      84.15,
      85.25,
      84.45,
      84.49,
      83.9,
      84.56,
      85.17,
      84.49,
      83.89,
      84.68,
      85.9,
      85.25,
      84.32,
      85.62,
      84.34,
      85.91,
      84.61,
      85.8,
      83.82,
      85.11,
      84.51,
      84.94,
      85.0,
      86.31,
      85.21,
      86.32,
      86.55,
      84.76,
      84.52,
      85.48,
      84.18,
      84.88,
      84.69,
      84.06,
      84.92,
      84.89,
      84.77,
      85.59,
      84.37,
      85.61,
      85.72,
      84.86,
      85.29,
      85.86,
      84.25
    ]
  }
}