{
  "config": {
    "run_name": "exp2_L2_K-64-128-256-512_5",
    "out_dir": "./results",
    "seed": 42,
    "bs_train": 100,
    "bs_test": 25,
    "batches": 500,
    "epochs": 90,
    "early_stopping": 12,
    "checkpoints": null,
    "lr": 0.0007,
    "reg": 0.001,
    "filters_per_layer": [
      64,
      128,
      256,
      512
    ],
    "layers_per_block": 2,
    "pool_every": 2,
    "hidden_dims": [
      100
    ],
    "ycn": true,
    "kw": {}
  },
  "results": {
    "num_epochs": 0,
    "train_loss": [
      1.411618709564209,
      0.8769770860671997,
      0.698043167591095,
      0.5931061506271362,
      0.5226330757141113,
      0.4617111384868622,
      0.41220855712890625,
      0.3728426694869995,
      0.3362519443035126,
      0.312637597322464,
      0.2804093360900879,
      0.2661329209804535,
      0.24833624064922333,
      0.23418182134628296,
      0.22220340371131897,
      0.21095843613147736,
      0.20887239277362823,
      0.19809652864933014,
      0.1957816481590271,
      0.18464066088199615,
      0.18143948912620544,
      0.18204039335250854,
      0.1738446205854416,
      0.16928358376026154,
      0.16706497967243195,
      0.1653631329536438,
      0.16152125597000122,
      0.16471445560455322,
      0.1645669937133789,
      0.15995122492313385,
      0.1553346961736679,
      0.15651077032089233,
      0.1532619297504425,
      0.15060853958129883,
      0.15700779855251312,
      0.15782375633716583,
      0.1469457894563675
    ],
    "train_acc": [
      49.122,
      69.39,
      76.11,
      79.636,
      82.186,
      84.286,
      85.702,
      87.044,
      88.444,
      89.25,
      90.222,
      90.794,
      91.382,
      91.984,
      92.234,
      92.734,
      92.838,
      93.06,
      93.334,
      93.556,
      93.61,
      93.546,
      94.012,
      94.182,
      94.218,
      94.302,
      94.49,
      94.284,
      94.334,
      94.53,
      94.622,
      94.462,
      94.768,
      94.908,
      94.586,
      94.718,
      94.932
    ],
    "test_loss": [
      0.997201681137085,
      0.7901807427406311,
      0.7165058851242065,
      0.6832295060157776,
      0.5842126607894897,
      0.676418662071228,
      0.6120519638061523,
      0.5860333442687988,
      0.5633259415626526,
      0.5673767924308777,
      0.5781528949737549,
      0.5491871237754822,
      0.5931835174560547,
      0.48841312527656555,
      0.5356536507606506,
      0.6267609596252441,
      0.5800876021385193,
      0.6672741770744324,
      0.47375354170799255,
      0.5304252505302429,
      0.5830561518669128,
      0.5889456868171692,
      0.5718353986740112,
      0.6501232981681824,
      0.4933846592903137,
      0.503378689289093,
      0.5166530013084412,
      0.5294115543365479,
      0.5204131603240967,
      0.5048112869262695,
      0.5176315307617188,
      0.5009927153587341,
      0.5019815564155579,
      0.5371491312980652,
      0.5261161923408508,
      0.5252062082290649,
      0.5284325480461121
    ],
    "test_acc": [
      64.99,
      72.34,
      75.39,
      76.84,
      80.45,
      77.12,
      79.26,
      80.3,
      80.78,
      81.07,
      80.85,
      81.94,
      81.19,
      83.7,
      82.69,
      80.97,
      81.83,
      79.46,
      84.53,
      83.31,
      82.42,
      82.27,
      83.81,
      80.61,
      85.17,
      84.42,
      84.24,
      84.06,
      83.72,
      84.19,
      84.42,
      84.26,
      84.86,
      84.08,
      83.72,
      83.97,
      84.07
    ]
  }
}