{
  "config": {
    "run_name": "exp2_L6_K-64-128-256-512_4",
    "out_dir": "./results",
    "seed": 42,
    "bs_train": 100,
    "bs_test": 25,
    "batches": 500,
    "epochs": 90,
    "early_stopping": 24,
    "checkpoints": null,
    "lr": 0.0007,
    "reg": 0.001,
    "filters_per_layer": [
      64,
      128,
      256,
      512
    ],
    "layers_per_block": 6,
    "pool_every": 5,
    "hidden_dims": [
      100
    ],
    "ycn": true,
    "kw": {}
  },
  "results": {
    "num_epochs": 0,
    "train_loss": [
      1.7450343370437622,
      1.1589733362197876,
      0.9139236807823181,
      0.7736235857009888,
      0.6839764714241028,
      0.6189667582511902,
      0.5729891657829285,
      0.5305269956588745,
      0.49658745527267456,
      0.46624377369880676,
      0.44704103469848633,
      0.420480340719223,
      0.4033757448196411,
      0.3911927044391632,
      0.3822859823703766,
      0.3645961880683899,
      0.35589510202407837,
      0.34480440616607666,
      0.3386619985103607,
      0.32913729548454285,
      0.31870585680007935,
      0.3132419288158417,
      0.30618545413017273,
      0.29895123839378357,
      0.2972922623157501,
      0.2899392247200012,
      0.2888154685497284,
      0.2818314731121063,
      0.27493250370025635,
      0.2726994752883911,
      0.26735734939575195,
      0.26198914647102356,
      0.2637763023376465,
      0.25999176502227783,
      0.25805988907814026,
      0.256824791431427,
      0.24879062175750732,
      0.2576442062854767,
      0.24961015582084656,
      0.23766259849071503,
      0.24386240541934967,
      0.24269144237041473,
      0.23887737095355988,
      0.23989517986774445,
      0.2346414029598236,
      0.2347547858953476,
      0.23167841136455536,
      0.23382048308849335,
      0.23748250305652618,
      0.2270171046257019,
      0.2279406040906906,
      0.22948886454105377,
      0.22641628980636597,
      0.22255147993564606,
      0.22558341920375824,
      0.2254984825849533,
      0.2235306203365326,
      0.2242618054151535,
      0.220793217420578,
      0.2212461233139038,
      0.21979360282421112,
      0.22265340387821198,
      0.2166782021522522
    ],
    "train_acc": [
      34.344,
      58.774,
      67.956,
      73.198,
      76.092,
      78.548,
      80.376,
      81.594,
      82.788,
      83.696,
      84.432,
      85.38,
      86.026,
      86.426,
      86.856,
      87.216,
      87.656,
      88.098,
      88.3,
      88.478,
      88.892,
      89.112,
      89.402,
      89.618,
      89.726,
      89.912,
      90.016,
      90.172,
      90.434,
      90.418,
      90.626,
      90.824,
      90.702,
      90.934,
      91.024,
      90.986,
      91.246,
      90.966,
      91.196,
      91.688,
      91.48,
      91.542,
      91.536,
      91.438,
      91.89,
      91.888,
      91.904,
      91.87,
      91.614,
      92.112,
      92.008,
      91.964,
      92.012,
      92.214,
      92.108,
      92.188,
      92.206,
      92.136,
      92.228,
      92.36,
      92.328,
      92.202,
      92.458
    ],
    "test_loss": [
      1.3124701976776123,
      0.9765945076942444,
      0.8168627023696899,
      0.7336341738700867,
      0.8049587607383728,
      0.6675971150398254,
      0.6095851063728333,
      0.5958240032196045,
      0.5494961738586426,
      0.5935031175613403,
      0.5474167466163635,
      0.5159367918968201,
      0.4928107261657715,
      0.5080257058143616,
      0.508257269859314,
      0.5546987056732178,
      0.4976237118244171,
      0.5124070644378662,
      0.5280113220214844,
      0.466098815202713,
      0.4859163463115692,
      0.4613003432750702,
      0.4718489348888397,
      0.43748676776885986,
      0.45850226283073425,
      0.47914156317710876,
      0.43183261156082153,
      0.43985021114349365,
      0.4757128059864044,
      0.4538153409957886,
      0.4597863256931305,
      0.5125219821929932,
      0.45319125056266785,
      0.4308320879936218,
      0.5179418921470642,
      0.46113163232803345,
      0.4383428394794464,
      0.49341410398483276,
      0.4020724892616272,
      0.43016254901885986,
      0.4636181592941284,
      0.4897165894508362,
      0.483795702457428,
      0.4609144926071167,
      0.48432257771492004,
      0.4465019106864929,
      0.4496215283870697,
      0.44388002157211304,
      0.4395759403705597,
      0.521324634552002,
      0.4308353364467621,
      0.4428609609603882,
      0.4525747299194336,
      0.46346718072891235,
      0.42290782928466797,
      0.43268072605133057,
      0.46596765518188477,
      0.4582476019859314,
      0.480054646730423,
      0.4296354651451111,
      0.4339863061904907,
      0.4196537733078003,
      0.4412720501422882
    ],
    "test_acc": [
      51.69,
      65.84,
      72.06,
      74.58,
      72.07,
      76.7,
      79.21,
      79.69,
      81.23,
      79.68,
      81.59,
      82.48,
      83.36,
      82.83,
      82.72,
      81.2,
      83.21,
      83.33,
      82.54,
      84.26,
      83.45,
      84.55,
      84.45,
      85.11,
      84.41,
      83.93,
      85.59,
      85.32,
      84.22,
      84.65,
      85.07,
      83.62,
      85.2,
      85.32,
      83.71,
      84.92,
      85.27,
      83.66,
      86.77,
      85.96,
      85.17,
      83.81,
      84.17,
      85.67,
      85.01,
      85.99,
      85.44,
      85.74,
      85.54,
      83.64,
      86.38,
      85.56,
      85.35,
      85.28,
      86.22,
      86.01,
      85.1,
      85.93,
      84.5,
      86.48,
      86.12,
      86.22,
      85.82
    ]
  }
}