{
  "config": {
    "run_name": "exp2_L1_K-64-128-256-512_2",
    "out_dir": "./results",
    "seed": 42,
    "bs_train": 50,
    "bs_test": 12,
    "batches": 1000,
    "epochs": 90,
    "early_stopping": 9,
    "checkpoints": null,
    "lr": 0.0006,
    "reg": 0.001,
    "filters_per_layer": [
      64,
      128,
      256,
      512
    ],
    "layers_per_block": 1,
    "pool_every": 1,
    "hidden_dims": [
      100
    ],
    "ycn": true,
    "kw": {}
  },
  "results": {
    "num_epochs": 0,
    "train_loss": [
      1.4709748029708862,
      0.9515817165374756,
      0.7700350880622864,
      0.6560823917388916,
      0.5846201777458191,
      0.5298269987106323,
      0.48044130206108093,
      0.44879522919654846,
      0.41570931673049927,
      0.39966580271720886,
      0.37659311294555664,
      0.3571266531944275,
      0.34154197573661804,
      0.3294220566749573,
      0.3159020245075226,
      0.30410236120224,
      0.3060387969017029,
      0.2937350273132324,
      0.2901442050933838,
      0.2739810049533844,
      0.27769893407821655,
      0.2710765302181244,
      0.2670483887195587,
      0.2609938085079193,
      0.25097450613975525,
      0.2526673972606659,
      0.24950453639030457,
      0.24186833202838898,
      0.2368232160806656,
      0.23595160245895386,
      0.23175618052482605,
      0.23301762342453003
    ],
    "train_acc": [
      46.858,
      67.478,
      74.072,
      77.952,
      80.306,
      82.15,
      83.912,
      84.946,
      86.076,
      86.732,
      87.03,
      88.01,
      88.5,
      89.02,
      89.188,
      89.828,
      89.61,
      90.082,
      90.19,
      90.712,
      90.634,
      90.754,
      91.076,
      91.24,
      91.388,
      91.48,
      91.54,
      91.776,
      92.094,
      92.024,
      92.168,
      92.236
    ],
    "test_loss": [
      1.2174285650253296,
      0.8725976943969727,
      0.7132390141487122,
      0.712262749671936,
      0.6959196329116821,
      0.633069634437561,
      0.6802164316177368,
      0.6652999520301819,
      0.6099383234977722,
      0.657244861125946,
      0.6402300596237183,
      0.6362501978874207,
      0.6797122955322266,
      0.6066524982452393,
      0.6069351434707642,
      0.6000778079032898,
      0.6041663289070129,
      0.5848596096038818,
      0.6145452857017517,
      0.6567934155464172,
      0.6154375672340393,
      0.6030203104019165,
      0.5559231638908386,
      0.5776395201683044,
      0.598024845123291,
      0.6596405506134033,
      0.6140366196632385,
      0.5944979786872864,
      0.6002613306045532,
      0.6432366967201233,
      0.6293290257453918,
      0.6063891649246216
    ],
    "test_acc": [
      58.07,
      70.17,
      76.16,
      76.02,
      77.01,
      78.74,
      77.13,
      77.75,
      79.68,
      78.16,
      78.77,
      79.14,
      77.73,
      79.84,
      80.13,
      80.08,
      80.09,
      80.71,
      79.58,
      78.82,
      80.26,
      80.24,
      81.71,
      81.15,
      80.34,
      79.5,
      81.13,
      80.69,
      80.91,
      79.53,
      80.31,
      81.05
    ]
  }
}