{
  "config": {
    "run_name": "exp2_L3_K-64-128-256-512_2",
    "out_dir": "./results",
    "seed": 42,
    "bs_train": 100,
    "bs_test": 25,
    "batches": 500,
    "epochs": 90,
    "early_stopping": 14,
    "checkpoints": null,
    "lr": 0.0006,
    "reg": 0.001,
    "filters_per_layer": [
      64,
      128,
      256,
      512
    ],
    "layers_per_block": 3,
    "pool_every": 3,
    "hidden_dims": [
      100
    ],
    "ycn": true,
    "kw": {}
  },
  "results": {
    "num_epochs": 0,
    "train_loss": [
      1.5946555137634277,
      1.0813076496124268,
      0.866335928440094,
      0.7239245176315308,
      0.6193624138832092,
      0.5356199741363525,
      0.47335976362228394,
      0.4279855191707611,
      0.3891628682613373,
      0.35274407267570496,
      0.33117446303367615,
      0.30169224739074707,
      0.28829002380371094,
      0.26353415846824646,
      0.25243067741394043,
      0.24159452319145203,
      0.2269538938999176,
      0.2196190506219864,
      0.20908679068088531,
      0.1926140934228897,
      0.19749265909194946,
      0.19172753393650055,
      0.18036547303199768,
      0.18054568767547607,
      0.1719411164522171,
      0.16994509100914001,
      0.15949703752994537,
      0.16331154108047485,
      0.1579865664243698,
      0.15278728306293488,
      0.14876298606395721,
      0.14420272409915924,
      0.1517040729522705,
      0.14277133345603943,
      0.13892707228660583,
      0.13935261964797974,
      0.1422639638185501,
      0.13235163688659668,
      0.13732440769672394,
      0.13839156925678253,
      0.13207098841667175,
      0.13369838893413544,
      0.12725095450878143,
      0.1278240829706192,
      0.12833034992218018,
      0.12750495970249176,
      0.12520596385002136,
      0.12348563224077225,
      0.12419702112674713,
      0.1234988197684288,
      0.12017733603715897,
      0.12246132642030716,
      0.12033447623252869,
      0.11993420124053955,
      0.11948396265506744,
      0.12376154214143753,
      0.1185745820403099,
      0.11981113255023956,
      0.12161152064800262,
      0.11458688229322433,
      0.11136138439178467,
      0.11886391788721085,
      0.11606020480394363,
      0.11593618243932724,
      0.11112341284751892,
      0.11317230015993118,
      0.1137462928891182,
      0.11173958331346512,
      0.11239312589168549,
      0.10829225182533264,
      0.11236526072025299,
      0.10625255852937698,
      0.11072665452957153,
      0.1134982705116272
    ],
    "train_acc": [
      40.742,
      62.0,
      70.44,
      76.238,
      80.048,
      82.684,
      84.61,
      86.114,
      87.422,
      88.56,
      89.196,
      90.118,
      90.552,
      91.484,
      91.69,
      92.136,
      92.568,
      92.836,
      93.19,
      93.636,
      93.584,
      93.706,
      94.074,
      94.124,
      94.346,
      94.42,
      94.708,
      94.602,
      94.836,
      94.962,
      95.19,
      95.334,
      94.97,
      95.332,
      95.478,
      95.4,
      95.358,
      95.752,
      95.598,
      95.472,
      95.658,
      95.536,
      95.788,
      95.814,
      95.832,
      95.906,
      95.938,
      96.0,
      95.854,
      95.992,
      96.138,
      95.994,
      96.068,
      96.074,
      96.144,
      96.048,
      96.114,
      96.194,
      96.044,
      96.232,
      96.39,
      96.096,
      96.254,
      96.284,
      96.426,
      96.256,
      96.178,
      96.342,
      96.322,
      96.402,
      96.422,
      96.554,
      96.432,
      96.326
    ],
    "test_loss": [
      1.113708734512329,
      1.0147290229797363,
      0.7712897062301636,
      0.6919245719909668,
      0.6684837341308594,
      0.6142367124557495,
      0.5182823538780212,
      0.5495675802230835,
      0.5976468920707703,
      0.4990740418434143,
      0.4959110617637634,
      0.48602038621902466,
      0.4918730854988098,
      0.5059188604354858,
      0.5354277491569519,
      0.4938221573829651,
      0.44925135374069214,
      0.5522038340568542,
      0.4797980785369873,
      0.4848533868789673,
      0.5149152874946594,
      0.48683661222457886,
      0.517206609249115,
      0.5187389254570007,
      0.4762420952320099,
      0.5096604824066162,
      0.5255095958709717,
      0.45552295446395874,
      0.49360236525535583,
      0.48979735374450684,
      0.47673580050468445,
      0.4766438603401184,
      0.46405377984046936,
      0.5373722910881042,
      0.46468600630760193,
      0.49976271390914917,
      0.5107900500297546,
      0.4910595715045929,
      0.4600426256656647,
      0.4664565622806549,
      0.5007293820381165,
      0.5013116598129272,
      0.46613365411758423,
      0.4536290764808655,
      0.44838961958885193,
      0.4962652921676636,
      0.48800718784332275,
      0.4756607413291931,
      0.4498733878135681,
      0.5020811557769775,
      0.468330979347229,
      0.5195039510726929,
      0.4867648184299469,
      0.5129350423812866,
      0.47362518310546875,
      0.45998987555503845,
      0.49253928661346436,
      0.47064512968063354,
      0.47380346059799194,
      0.46449926495552063,
      0.5108796954154968,
      0.44900912046432495,
      0.49021393060684204,
      0.5352616906166077,
      0.47634580731391907,
      0.48878946900367737,
      0.4715211093425751,
      0.4953564405441284,
      0.518839955329895,
      0.5084944367408752,
      0.48329129815101624,
      0.5115670561790466,
      0.48786935210227966,
      0.4889414608478546
    ],
    "test_acc": [
      59.99,
      65.54,
      73.93,
      76.62,
      77.79,
      80.18,
      83.24,
      81.37,
      80.6,
      83.52,
      83.63,
      84.0,
      83.93,
      83.69,
      83.28,
      84.56,
      85.51,
      82.48,
      84.91,
      84.64,
      83.17,
      84.6,
      84.16,
      83.96,
      85.15,
      83.84,
      83.03,
      85.72,
      84.78,
      84.69,
      85.47,
      85.21,
      85.37,
      83.51,
      85.69,
      84.66,
      84.5,
      85.06,
      86.1,
      85.96,
      84.95,
      84.82,
      86.02,
      86.29,
      86.4,
      85.19,
      85.12,
      85.31,
      86.4,
      85.59,
      86.56,
      84.39,
      85.82,
      85.05,
      85.51,
      86.0,
      84.95,
      86.02,
      85.79,
      86.75,
      85.7,
      86.63,
      85.74,
      84.0,
      86.04,
      85.56,
      85.91,
      85.98,
      84.89,
      85.56,
      85.25,
      85.15,
      85.96,
      85.53
    ]
  }
}