{
  "config": {
    "run_name": "exp2_L3_K-64-128-256-512_2",
    "out_dir": "./results",
    "seed": 42,
    "bs_train": 100,
    "bs_test": 25,
    "batches": 1000,
    "epochs": 90,
    "early_stopping": 15,
    "checkpoints": null,
    "lr": 0.0003,
    "reg": 0.001,
    "filters_per_layer": [
      64,
      128,
      256,
      512
    ],
    "layers_per_block": 3,
    "pool_every": 3,
    "hidden_dims": [
      100
    ],
    "ycn": true,
    "kw": {}
  },
  "results": {
    "num_epochs": 0,
    "train_loss": [
      1.4624518156051636,
      0.9041742086410522,
      0.6898710131645203,
      0.5744110941886902,
      0.49143919348716736,
      0.4316047430038452,
      0.3799448311328888,
      0.3330613672733307,
      0.3049139380455017,
      0.27331408858299255,
      0.2495274841785431,
      0.22140131890773773,
      0.2078821361064911,
      0.1921709179878235,
      0.18116696178913116,
      0.16418133676052094,
      0.15845127403736115,
      0.14468346536159515,
      0.14216336607933044,
      0.12736491858959198,
      0.13061118125915527,
      0.11948943883180618,
      0.12373758852481842,
      0.11089877039194107,
      0.10950624197721481,
      0.10425222665071487,
      0.10561815649271011,
      0.09839741885662079,
      0.09967541694641113,
      0.09790334850549698,
      0.09325184673070908
    ],
    "train_acc": [
      47.14,
      69.388,
      77.332,
      81.346,
      84.152,
      86.152,
      87.69,
      89.246,
      90.002,
      91.106,
      91.828,
      92.78,
      93.254,
      93.796,
      94.052,
      94.758,
      94.91,
      95.27,
      95.432,
      95.978,
      95.788,
      96.172,
      95.982,
      96.466,
      96.406,
      96.716,
      96.632,
      96.824,
      96.784,
      96.898,
      96.96
    ],
    "test_loss": [
      0.9929894804954529,
      0.8053494691848755,
      0.64360111951828,
      0.6069843769073486,
      0.6268466114997864,
      0.5847910642623901,
      0.5627287030220032,
      0.5381039977073669,
      0.5509952902793884,
      0.5037152767181396,
      0.5074041485786438,
      0.5202959179878235,
      0.48111826181411743,
      0.4688182473182678,
      0.526199996471405,
      0.4364112615585327,
      0.5389334559440613,
      0.535344660282135,
      0.4595668315887451,
      0.4862453043460846,
      0.4658026695251465,
      0.4891887307167053,
      0.4797573685646057,
      0.5549377799034119,
      0.48631468415260315,
      0.4914977252483368,
      0.49357959628105164,
      0.48381519317626953,
      0.48744502663612366,
      0.5279359221458435,
      0.4713079631328583
    ],
    "test_acc": [
      64.61,
      72.65,
      78.37,
      79.93,
      79.24,
      80.46,
      81.49,
      82.49,
      82.76,
      83.9,
      83.87,
      83.65,
      84.73,
      85.18,
      83.45,
      86.61,
      84.02,
      83.81,
      85.91,
      84.9,
      86.34,
      85.14,
      85.97,
      84.28,
      85.61,
      85.38,
      85.54,
      86.03,
      85.91,
      84.81,
      86.46
    ]
  }
}