{
  "config": {
    "run_name": "exp2_L1_K-64-128-256-512_5",
    "out_dir": "./results",
    "seed": 42,
    "bs_train": 50,
    "bs_test": 12,
    "batches": 1000,
    "epochs": 90,
    "early_stopping": 9,
    "checkpoints": null,
    "lr": 0.0007,
    "reg": 0.001,
    "filters_per_layer": [
      64,
      128,
      256,
      512
    ],
    "layers_per_block": 1,
    "pool_every": 1,
    "hidden_dims": [
      100
    ],
    "ycn": true,
    "kw": {}
  },
  "results": {
    "num_epochs": 0,
    "train_loss": [
      1.3483974933624268,
      0.8968068957328796,
      0.754299521446228,
      0.6652899980545044,
      0.6003873348236084,
      0.5433977246284485,
      0.49857595562934875,
      0.461071252822876,
      0.43071648478507996,
      0.40564030408859253,
      0.3742709755897522,
      0.3653392195701599,
      0.34543853998184204,
      0.32600948214530945,
      0.32162800431251526,
      0.30673637986183167,
      0.2946735620498657,
      0.2954724133014679,
      0.2893686294555664,
      0.28118279576301575,
      0.27033287286758423,
      0.2717111110687256,
      0.26175370812416077,
      0.2607463002204895,
      0.25764763355255127,
      0.25204211473464966,
      0.24925461411476135,
      0.24341493844985962,
      0.243691086769104,
      0.2391986846923828,
      0.23753519356250763,
      0.23710061609745026,
      0.22814184427261353,
      0.23288807272911072,
      0.2254514843225479,
      0.2273770272731781,
      0.22313618659973145,
      0.219379261136055,
      0.22428256273269653,
      0.21961000561714172,
      0.2252252697944641,
      0.21623393893241882,
      0.2173757553100586,
      0.2132348269224167,
      0.21506744623184204
    ],
    "train_acc": [
      51.558,
      68.876,
      73.9,
      77.054,
      79.424,
      81.016,
      82.698,
      84.074,
      84.92,
      85.936,
      87.044,
      87.26,
      87.904,
      88.418,
      88.716,
      89.458,
      89.632,
      89.668,
      89.932,
      90.114,
      90.742,
      90.518,
      90.856,
      90.942,
      90.988,
      91.178,
      91.322,
      91.584,
      91.578,
      91.574,
      91.746,
      91.89,
      91.946,
      91.952,
      92.162,
      92.096,
      92.374,
      92.448,
      92.266,
      92.468,
      92.152,
      92.578,
      92.43,
      92.608,
      92.544
    ],
    "test_loss": [
      1.1051911115646362,
      0.7903119921684265,
      0.7899968028068542,
      0.7237618565559387,
      0.71280437707901,
      0.678511381149292,
      0.6690139770507812,
      0.7053661942481995,
      0.730248749256134,
      0.6489132046699524,
      0.6845853924751282,
      0.7282285690307617,
      0.6635584235191345,
      0.6544894576072693,
      0.6399518847465515,
      0.6842573881149292,
      0.6560693979263306,
      0.6415567994117737,
      0.6713560819625854,
      0.6387791037559509,
      0.677351176738739,
      0.7010501623153687,
      0.648097574710846,
      0.659866988658905,
      0.6538470983505249,
      0.7106853723526001,
      0.6854967474937439,
      0.655379056930542,
      0.6357418894767761,
      0.6220125555992126,
      0.6461584568023682,
      0.6633545160293579,
      0.6709635853767395,
      0.6248366832733154,
      0.6309702396392822,
      0.612689733505249,
      0.6361408233642578,
      0.6439575552940369,
      0.6480293869972229,
      0.620768666267395,
      0.6257587671279907,
      0.6761392951011658,
      0.6560147404670715,
      0.7077925801277161,
      0.6561794877052307
    ],
    "test_acc": [
      61.54,
      72.5,
      72.31,
      75.35,
      75.16,
      76.86,
      77.28,
      75.95,
      75.73,
      78.39,
      77.69,
      76.39,
      77.64,
      79.14,
      78.78,
      78.15,
      79.4,
      79.5,
      79.07,
      79.39,
      78.62,
      77.67,
      79.48,
      79.12,
      79.81,
      78.05,
      79.29,
      79.34,
      79.47,
      80.51,
      79.82,
      78.41,
      79.11,
      80.74,
      80.47,
      80.77,
      80.54,
      79.67,
      80.3,
      80.25,
      80.61,
      79.86,
      80.46,
      77.83,
      79.91
    ]
  }
}