{
  "config": {
    "run_name": "exp2_L5_K-64-128-256-512_4",
    "out_dir": "./results",
    "seed": 42,
    "bs_train": 100,
    "bs_test": 25,
    "batches": 500,
    "epochs": 90,
    "early_stopping": 18,
    "checkpoints": null,
    "lr": 0.0007,
    "reg": 0.001,
    "filters_per_layer": [
      64,
      128,
      256,
      512
    ],
    "layers_per_block": 5,
    "pool_every": 4,
    "hidden_dims": [
      100
    ],
    "ycn": true,
    "kw": {}
  },
  "results": {
    "num_epochs": 0,
    "train_loss": [
      1.6322511434555054,
      1.048805832862854,
      0.8110916614532471,
      0.6873567700386047,
      0.6009290218353271,
      0.5427016615867615,
      0.4952455759048462,
      0.45742952823638916,
      0.4229148030281067,
      0.39354413747787476,
      0.37511610984802246,
      0.35213351249694824,
      0.3391145169734955,
      0.32299166917800903,
      0.30807727575302124,
      0.2988626956939697,
      0.28148922324180603,
      0.28074246644973755,
      0.2695036828517914,
      0.2635085880756378,
      0.2536855936050415,
      0.24889960885047913,
      0.2439907193183899,
      0.2374851554632187,
      0.23724254965782166,
      0.23595698177814484,
      0.2273189276456833,
      0.22257941961288452,
      0.2211393564939499,
      0.220183864235878,
      0.21525539457798004,
      0.21529754996299744,
      0.2072642594575882,
      0.20898951590061188,
      0.2060478776693344,
      0.2079017609357834,
      0.20451682806015015,
      0.20487701892852783,
      0.19523708522319794,
      0.1979346126317978,
      0.1977190375328064,
      0.19489173591136932,
      0.19422796368598938,
      0.19250769913196564,
      0.19269606471061707,
      0.1935814917087555,
      0.19174374639987946,
      0.189157634973526,
      0.1862342655658722,
      0.18390071392059326,
      0.18801641464233398,
      0.18464010953903198,
      0.18443512916564941,
      0.18508362770080566,
      0.18631628155708313,
      0.18278558552265167,
      0.18206371366977692,
      0.18040546774864197,
      0.18017350137233734,
      0.17976750433444977,
      0.18596044182777405,
      0.1766708642244339,
      0.17549297213554382,
      0.17703168094158173,
      0.17956413328647614,
      0.17552430927753448,
      0.17530007660388947,
      0.17459596693515778,
      0.17880910634994507,
      0.17959274351596832,
      0.1777091920375824,
      0.17281946539878845,
      0.17705553770065308
    ],
    "train_acc": [
      39.136,
      63.268,
      72.46,
      76.714,
      79.634,
      81.798,
      83.392,
      84.606,
      85.514,
      86.604,
      87.202,
      87.984,
      88.422,
      88.99,
      89.548,
      89.802,
      90.294,
      90.406,
      90.864,
      90.96,
      91.38,
      91.554,
      91.55,
      91.88,
      91.82,
      92.024,
      92.258,
      92.412,
      92.42,
      92.424,
      92.66,
      92.658,
      92.916,
      92.858,
      93.008,
      93.028,
      93.076,
      93.066,
      93.282,
      93.23,
      93.102,
      93.4,
      93.326,
      93.47,
      93.464,
      93.39,
      93.394,
      93.448,
      93.648,
      93.68,
      93.422,
      93.65,
      93.688,
      93.632,
      93.658,
      93.702,
      93.714,
      93.772,
      93.74,
      93.83,
      93.638,
      94.078,
      93.978,
      93.936,
      93.874,
      94.004,
      93.998,
      94.008,
      93.9,
      93.858,
      93.904,
      94.072,
      94.0
    ],
    "test_loss": [
      1.413169026374817,
      0.8921573162078857,
      0.8188835978507996,
      0.7109910249710083,
      0.6339848041534424,
      0.6048898100852966,
      0.5726119875907898,
      0.7141108512878418,
      0.6150087714195251,
      0.5470380187034607,
      0.5295056104660034,
      0.5545726418495178,
      0.48275554180145264,
      0.4847389757633209,
      0.4656175971031189,
      0.4734308123588562,
      0.4374983012676239,
      0.4755963087081909,
      0.4311816394329071,
      0.44972527027130127,
      0.4290437698364258,
      0.4519980251789093,
      0.4568668007850647,
      0.43592628836631775,
      0.4544481039047241,
      0.4428422152996063,
      0.424715518951416,
      0.41369494795799255,
      0.43807685375213623,
      0.41812849044799805,
      0.4257851243019104,
      0.4417983293533325,
      0.4558468163013458,
      0.46562105417251587,
      0.43514394760131836,
      0.4342319071292877,
      0.4547755718231201,
      0.4380263090133667,
      0.42831167578697205,
      0.43990474939346313,
      0.41698744893074036,
      0.4448913335800171,
      0.4195359945297241,
      0.4100516140460968,
      0.441888689994812,
      0.4404047429561615,
      0.40750086307525635,
      0.4176291525363922,
      0.4169844090938568,
      0.40142208337783813,
      0.41032302379608154,
      0.4373694658279419,
      0.418161541223526,
      0.39804717898368835,
      0.39786991477012634,
      0.44288337230682373,
      0.40890246629714966,
      0.460571825504303,
      0.4402846097946167,
      0.41720131039619446,
      0.44935402274131775,
      0.4408794939517975,
      0.4144412577152252,
      0.4505545198917389,
      0.39226847887039185,
      0.44211891293525696,
      0.4308004677295685,
      0.4200814962387085,
      0.42207539081573486,
      0.42263132333755493,
      0.416019469499588,
      0.41263461112976074,
      0.4178495705127716
    ],
    "test_acc": [
      51.15,
      68.37,
      71.27,
      75.6,
      78.19,
      79.26,
      80.76,
      76.01,
      79.0,
      81.44,
      81.96,
      81.48,
      83.85,
      84.16,
      84.73,
      84.42,
      85.45,
      84.84,
      85.61,
      85.31,
      86.23,
      85.32,
      84.61,
      85.95,
      85.05,
      85.72,
      86.41,
      86.54,
      85.85,
      86.18,
      86.2,
      85.98,
      85.5,
      85.3,
      86.28,
      85.84,
      85.74,
      85.84,
      86.07,
      85.83,
      86.85,
      86.01,
      86.57,
      86.73,
      85.93,
      85.5,
      86.77,
      86.9,
      86.89,
      86.99,
      86.88,
      86.16,
      86.86,
      87.28,
      87.59,
      86.21,
      86.54,
      85.66,
      85.91,
      86.76,
      85.38,
      86.23,
      86.75,
      86.47,
      87.47,
      86.29,
      86.65,
      86.78,
      86.87,
      86.39,
      87.33,
      86.91,
      86.91
    ]
  }
}