{
  "config": {
    "run_name": "exp2_L5_K-64-128-256-512_4",
    "out_dir": "./results",
    "seed": 42,
    "bs_train": 100,
    "bs_test": 25,
    "batches": 500,
    "epochs": 90,
    "early_stopping": 21,
    "checkpoints": null,
    "lr": 0.0007,
    "reg": 0.001,
    "filters_per_layer": [
      64,
      128,
      256,
      512
    ],
    "layers_per_block": 5,
    "pool_every": 4,
    "hidden_dims": [
      100
    ],
    "ycn": true,
    "kw": {}
  },
  "results": {
    "num_epochs": 0,
    "train_loss": [
      1.619645595550537,
      1.055030345916748,
      0.818655252456665,
      0.6951871514320374,
      0.6065892577171326,
      0.541773796081543,
      0.4954577386379242,
      0.45599785447120667,
      0.4265885651111603,
      0.3974151313304901,
      0.3726525604724884,
      0.3555077910423279,
      0.34186986088752747,
      0.3182559907436371,
      0.3071620464324951,
      0.2996017634868622,
      0.28990408778190613,
      0.2807311415672302,
      0.2669520378112793,
      0.2654586136341095,
      0.260840505361557,
      0.2515379786491394,
      0.23745813965797424,
      0.23817425966262817,
      0.23619328439235687,
      0.2297964245080948,
      0.22630947828292847,
      0.22729136049747467,
      0.21887604892253876,
      0.22169046103954315,
      0.21521027386188507,
      0.21564701199531555,
      0.2103976309299469,
      0.20727960765361786,
      0.20460718870162964,
      0.20419636368751526,
      0.19996267557144165,
      0.20263762772083282,
      0.19903872907161713,
      0.19799406826496124,
      0.1934644728899002,
      0.19556207954883575,
      0.19822797179222107,
      0.19094672799110413,
      0.1883375644683838,
      0.19324688613414764,
      0.1902245581150055,
      0.1884247362613678,
      0.18832877278327942,
      0.18661262094974518,
      0.183042511343956,
      0.18729887902736664,
      0.18311052024364471,
      0.18160974979400635,
      0.18341633677482605,
      0.18267527222633362,
      0.1822742074728012,
      0.178898885846138,
      0.18480974435806274,
      0.1777384728193283,
      0.18155330419540405,
      0.17625445127487183,
      0.1814960241317749,
      0.1790483444929123,
      0.17902842164039612,
      0.17502780258655548,
      0.17416372895240784,
      0.17309729754924774,
      0.17617371678352356,
      0.17888131737709045,
      0.16659453511238098,
      0.18009239435195923,
      0.17142559587955475,
      0.17389482259750366,
      0.17329242825508118,
      0.17153622210025787,
      0.17067573964595795,
      0.1702350229024887,
      0.16915902495384216,
      0.1763310432434082,
      0.17126891016960144,
      0.1673896312713623,
      0.16987846791744232,
      0.17536839842796326,
      0.1672240048646927,
      0.16955667734146118,
      0.1688724011182785,
      0.16746439039707184,
      0.16826699674129486,
      0.16643290221691132
    ],
    "train_acc": [
      39.216,
      62.95,
      72.018,
      76.632,
      79.488,
      81.72,
      83.102,
      84.464,
      85.642,
      86.646,
      87.408,
      87.928,
      88.556,
      89.264,
      89.53,
      89.778,
      90.134,
      90.494,
      90.904,
      90.796,
      91.004,
      91.344,
      91.784,
      91.814,
      91.876,
      92.238,
      92.26,
      92.22,
      92.518,
      92.376,
      92.58,
      92.678,
      92.744,
      92.844,
      92.956,
      93.042,
      93.14,
      93.104,
      93.212,
      93.058,
      93.28,
      93.174,
      93.18,
      93.414,
      93.554,
      93.336,
      93.428,
      93.504,
      93.512,
      93.532,
      93.616,
      93.41,
      93.738,
      93.836,
      93.79,
      93.814,
      93.878,
      93.848,
      93.688,
      93.922,
      93.7,
      93.974,
      93.76,
      93.922,
      93.836,
      94.044,
      93.99,
      94.054,
      93.918,
      93.828,
      94.25,
      93.862,
      94.156,
      94.12,
      94.026,
      94.148,
      94.06,
      94.286,
      94.354,
      93.952,
      94.186,
      94.344,
      94.204,
      93.96,
      94.296,
      94.182,
      94.188,
      94.368,
      94.306,
      94.256
    ],
    "test_loss": [
      1.2732130289077759,
      1.0111229419708252,
      0.8376601338386536,
      0.7774401903152466,
      0.666005551815033,
      0.6395783424377441,
      0.5775569081306458,
      0.6698687672615051,
      0.5699710249900818,
      0.5067307353019714,
      0.5054824948310852,
      0.5124276876449585,
      0.4942741394042969,
      0.45023664832115173,
      0.47268015146255493,
      0.4421005845069885,
      0.4622020721435547,
      0.47155484557151794,
      0.4134428799152374,
      0.47301924228668213,
      0.4747576117515564,
      0.4254972040653229,
      0.4456605017185211,
      0.4538821280002594,
      0.4506867229938507,
      0.4383716583251953,
      0.4180641174316406,
      0.40512433648109436,
      0.4553073048591614,
      0.4907018840312958,
      0.46579402685165405,
      0.41155585646629333,
      0.44042056798934937,
      0.415105402469635,
      0.43635427951812744,
      0.4450000524520874,
      0.4263724386692047,
      0.46020740270614624,
      0.45221683382987976,
      0.4429704546928406,
      0.4534226357936859,
      0.4317365884780884,
      0.43328946828842163,
      0.4072481095790863,
      0.42717012763023376,
      0.4412158727645874,
      0.44084402918815613,
      0.43151843547821045,
      0.4113033711910248,
      0.45933282375335693,
      0.412442147731781,
      0.3992593288421631,
      0.4145447909832001,
      0.43040165305137634,
      0.4335485100746155,
      0.42484450340270996,
      0.459842711687088,
      0.42570391297340393,
      0.4460943043231964,
      0.40834036469459534,
      0.43794357776641846,
      0.43681490421295166,
      0.4035368263721466,
      0.4145214855670929,
      0.405168741941452,
      0.41857945919036865,
      0.39943602681159973,
      0.412839412689209,
      0.4633937478065491,
      0.4249979257583618,
      0.39908796548843384,
      0.4225337505340576,
      0.43885764479637146,
      0.4180912971496582,
      0.4017893075942993,
      0.4295957386493683,
      0.4169662296772003,
      0.40275660157203674,
      0.44345328211784363,
      0.4396011531352997,
      0.4682621955871582,
      0.4284426271915436,
      0.4757470190525055,
      0.42328891158103943,
      0.40090662240982056,
      0.43016451597213745,
      0.4403380751609802,
      0.5045987367630005,
      0.4535199701786041,
      0.407114177942276
    ],
    "test_acc": [
      54.65,
      63.52,
      71.22,
      72.95,
      77.12,
      78.16,
      80.62,
      77.58,
      80.7,
      83.15,
      82.97,
      82.59,
      83.01,
      84.91,
      84.21,
      84.94,
      84.91,
      84.95,
      86.5,
      84.24,
      84.57,
      85.78,
      85.75,
      85.37,
      85.63,
      85.97,
      86.62,
      86.85,
      85.78,
      84.38,
      85.1,
      86.51,
      85.9,
      86.43,
      86.44,
      86.02,
      86.72,
      85.83,
      85.62,
      86.17,
      85.95,
      86.7,
      86.17,
      87.14,
      86.28,
      85.66,
      85.61,
      86.36,
      86.84,
      85.78,
      87.08,
      87.22,
      86.74,
      86.27,
      86.37,
      86.88,
      85.87,
      87.04,
      86.02,
      87.09,
      85.84,
      86.51,
      87.43,
      86.96,
      87.41,
      86.65,
      87.66,
      86.89,
      86.01,
      86.63,
      87.89,
      86.55,
      86.18,
      86.75,
      87.44,
      86.77,
      86.79,
      87.35,
      86.48,
      86.37,
      85.54,
      86.32,
      85.61,
      86.4,
      87.17,
      87.0,
      86.34,
      84.58,
      86.21,
      87.1
    ]
  }
}